"ID","Role","SystemID","timestamp"
2117,Αφίσα,2,2021-07-27 15:55:42.000
2294,Προπώληση,2,2023-09-25 13:21:50.000
1690,Σκηνοθεσία,2,2021-01-31 08:32:57.000
1691,Σκηνικά,2,2021-01-31 08:32:58.000
1692,Κοστούμια,2,2021-01-31 08:32:58.000
1693,Φωτισμοί,2,2021-01-31 08:32:59.000
1694,Βοηθός σκηνοθέτη,2,2023-09-25 13:38:43.000
1695,Ηθοποιός,2,2023-06-01 12:15:25.000
1696,Συγγραφέας,2,2021-01-31 08:33:15.000
1697,Σκηνοθεσία / Δραματουργική επεξεργασία,2,2021-01-31 08:33:16.000
1698,Μετάφραση,2,2021-01-31 08:33:17.000
1699,Πρωτότυπη Μουσική,2,2021-01-31 08:33:18.000
1700,Σκηνικά/Κοστούμια,2,2021-01-31 08:33:18.000
1701,Φωτογραφία,2,2021-01-31 08:33:20.000
1702,Γραφιστική Επεξεργασία,2,2021-01-31 08:33:21.000
1703,Διεύθυνση Παραγωγής,2,2021-01-31 08:33:22.000
1704,Προβολή/Επικοινωνία,2,2021-01-31 08:33:23.000
1705,Θεατρική απόδοση,2,2021-01-31 08:33:39.000
1706,Σκηνικό κοστούμι,2,2021-01-31 08:33:41.000
1707,Μουσική,2,2021-01-31 08:33:42.000
1708,Κάμερα-Μοντάζ,2,2021-01-31 08:33:43.000
1709,Βοηθός κάμερας,2,2021-01-31 08:33:45.000
1710,Τηλεσκηνοθεσία,2,2021-01-31 08:33:45.000
1711,Επικοινωνία,2,2021-01-31 08:33:46.000
1712,Τζο,2,2021-01-31 08:33:47.000
1713,Παραγωγή,2,2021-01-31 08:33:48.000
1714,Μουσική/Ενορχήστρωση,2,2021-01-31 08:34:03.000
1715,KEIMENA-ΠΑΡΟΥΣΙΑΣΗ,2,2021-01-31 08:34:33.000
1716,Show - κείμενα,2,2021-01-31 08:36:28.000
1717,Σκηνοθεσία - μοντάζ,2,2021-01-31 08:36:29.000
1718,Κείμενο,2,2021-01-31 08:37:04.000
1719,Σκηνικά - Κοστούμια,2,2021-01-31 08:37:07.000
1720,Μουσική επιμέλεια,2,2021-01-31 08:37:08.000
1721,Οργάνωση παραγωγής,2,2021-01-31 08:37:08.000
1722,Δημόσιες Σχέσεις & Επικοινωνία,2,2021-01-31 08:37:09.000
1723,Φωτό,2,2021-01-31 08:37:09.000
1724,Σχεδιασμός Παραγωγής,2,2021-01-31 08:37:10.000
1725,Hairstyle,2,2021-01-31 08:38:00.000
1726,Β Βοηθός Σκηνοθέτη,2,2021-01-31 08:38:02.000
1727,Βοηθός Σκηνογράφου,2,2021-01-31 08:38:03.000
1728,Make up artist,2,2021-01-31 08:38:04.000
1729,Social Media Manager,2,2021-01-31 08:38:04.000
1730,Χορογραφίες,2,2021-01-31 08:39:05.000
1731,Πρωτότυπη μουσική-ενορχήστρωση-μουσική διεύθυνση,2,2021-01-31 08:39:06.000
1732,Μουσική διδασκαλία,2,2021-01-31 08:39:06.000
1733,Video design-προβολές,2,2021-01-31 08:39:08.000
1734,Βοηθός ενδυματολόγου,2,2021-01-31 08:39:10.000
1735,Hair styling,2,2021-01-31 08:39:11.000
1736,Φωτογραφίες,2,2021-01-31 08:39:12.000
1737,Video και τηλεοπτικά σποτ,2,2021-01-31 08:39:13.000
1738,Art Director,2,2021-01-31 08:39:14.000
1739,Κινηματογραφικός σύμβουλος,2,2021-01-31 08:39:14.000
1740,Δημόσιες Σχέσεις / Eπικοινωνία / Media,2,2021-01-31 08:39:16.000
1741,Κείμενα – Στίχοι Τραγουδιών,2,2021-01-31 08:39:27.000
1742,Διασκευή,2,2021-01-31 08:39:39.000
1743,Σχεδιασμός Φωτισμών,2,2021-01-31 08:39:42.000
1744,Ήχος,2,2021-01-31 08:39:43.000
1745,Έργο,2,2021-01-31 08:40:01.000
1746,Κινηματογραφική σκηνοθεσία-κινηματογράφηση,2,2021-01-31 08:40:01.000
1747,Art direction,2,2021-01-31 08:40:02.000
1748,Μοντάζ- ηχητική επεξεργασία,2,2021-01-31 08:40:03.000
1749,Μακιγιάζ,2,2021-01-31 08:40:03.000
1750,Οργάνωση-εκτέλεση παραγωγής,2,2021-01-31 08:40:04.000
1751,Διεύθυνση επικοινωνίας,2,2021-01-31 08:40:05.000
1752,Θεατρική διασκευή,2,2021-01-31 08:40:55.000
1753,Κείμενα και Στίχοι,2,2021-01-31 08:40:55.000
1754,Θεατρική Σκηνοθεσία,2,2021-01-31 08:40:57.000
1755,Σκηνογραφία & κατασκευή σκηνικού,2,2021-01-31 08:40:58.000
1756,Φωνητική διδασκαλία,2,2021-01-31 08:41:00.000
1757,Κατασκευή Κοστουμιών,2,2021-01-31 08:41:02.000
1758,Σχεδιασμός-Επιμέλεια κούκλας,2,2021-01-31 08:41:02.000
1759,Κατασκευαστική ομάδα κούκλας,2,2021-01-31 08:41:03.000
1760,Τραγουδούν,2,2021-01-31 08:41:05.000
1761,Τηλεοπτική διασκευή,2,2021-01-31 08:41:08.000
1762,Τηλεοπτική Σκηνοθεσία,2,2021-01-31 08:41:08.000
1763,Διεύθυνση Φωτογραφίας,2,2021-01-31 08:41:09.000
1764,Ηχοληψία & Ηχητικός Σχεδιασμός,2,2021-01-31 08:41:10.000
1765,Steadicam,2,2021-01-31 08:41:11.000
1766,Κάμερα,2,2021-01-31 08:41:12.000
1767,Σκηνογραφία,2,2021-01-31 08:41:13.000
1768,"Γραφικά, Animation και ειδικά εφέ",2,2021-01-31 08:41:14.000
1769,Βοηθοί Παραγωγής,2,2021-01-31 08:41:15.000
1770,Παίζουν,2,2021-01-31 08:41:16.000
1771,Διεύθυνση / Εκτέλεση Παραγωγής,2,2021-01-31 08:41:21.000
1772,Σκηνικά-Κοστούμια,2,2021-01-31 08:42:00.000
1773,Κίνηση,2,2021-01-31 08:42:03.000
1774,Φωτισμοί,2,2021-01-31 08:42:08.000
1775,Πρωταγωνιστούν,2,2021-01-31 10:14:17.000
1776,Οργάνωση Παραγωγής,2,2023-09-25 13:21:50.000
1777,Επιμέλεια παραγωγής,2,2021-01-31 10:14:20.000
1778,Κομμώσεις,2,2021-01-31 10:14:21.000
1779,Ηθοποιοί,2,2021-01-31 10:14:44.000
1780,Κινηματογράφηση,2,2021-01-31 10:14:45.000
1781,Μοντάζ,2,2021-01-31 10:14:46.000
1782,Σκηνοθεσία παράστασης 2016,2,2021-01-31 10:15:06.000
1783,Σκηνοθεσία παράστασης για το streaming 2020,2,2021-01-31 10:15:07.000
1784,Κινηματογραφική σκηνοθεσία / μοντάζ,2,2021-01-31 10:15:08.000
1785,Παίζουν οι ηθοποιοί,2,2021-01-31 10:15:09.000
1786,Τραγούδι,2,2021-01-31 10:15:14.000
1787,Κάμερες,2,2021-01-31 10:15:15.000
1788,Ηχοληψία,2,2021-01-31 10:15:17.000
1881,Κάμερες - Μοντάζ,2,2021-03-05 17:27:24.000
1789,Σκηνογραφική επιμέλεια παράστασης για το streaming 2020,2,2021-01-31 10:15:18.000
1790,Ροή παράστασης/βιντεοσκόπησης,2,2021-01-31 10:15:19.000
1791,"Τεχνική επεξεργασία βίντεο, ηλεκτρολογική επιμέλεια, επεξεργασία φωτογραφιών",2,2021-01-31 10:15:20.000
1792,"Βίντεο, επεξεργασία 2016, επιμέλεια εκφωνήσεων",2,2021-01-31 10:15:21.000
1793,Iδέα/σκηνοθεσία,2,2021-01-31 10:15:32.000
1794,Καλλιτεχνικός συνεργάτης,2,2021-01-31 10:15:33.000
1795,Καλλιτεχνική επιμέλεια,2,2021-01-31 10:15:36.000
1796,Ηχητικό τοπίο,2,2021-01-31 10:15:37.000
1797,Βοηθός Παραγωγής,2,2021-01-31 10:15:37.000
1798,Σχεδιασμός Φωτισμού,2,2021-01-31 10:15:38.000
1799,Συνθέτης/Συγγραφέας,2,2021-01-31 10:15:51.000
1800,Θεατρική Διασκευή/Σκηνοθεσία,2,2021-01-31 10:15:52.000
1801,Βοηθοί Καραγκιοζοπαίκτη,2,2021-01-31 10:16:07.000
1802,Βιντεοσκόπηση,2,2021-01-31 10:16:08.000
1803,Κείμενο/ Σκηνοθεσία,2,2021-01-31 10:16:45.000
1804,Σχεδιασμός σκηνικού και φώτων,2,2021-01-31 10:16:47.000
1805,Ενδυματολογία,2,2021-01-31 10:16:47.000
1806,Επιμέλεια Κίνησης,2,2021-01-31 10:16:48.000
1807,Διασκευή-Σκηνοθεσία,2,2023-09-25 13:21:50.000
1808,Σκηνικό,2,2023-09-25 13:21:50.000
1809,Kίνηση,2,2023-09-25 13:21:50.000
1810,Ενορχήστρωση,2,2023-09-25 13:21:50.000
1811,Διδασκαλία τραγουδιών,2,2023-09-25 13:21:50.000
1812,Μουσική τραγουδιού φινάλε,2,2021-01-31 10:17:18.000
1813,Ειδικές κατασκευές,2,2023-09-25 13:21:50.000
1814,Φωτισμοί - Μουσική Επιμέλεια,2,2023-09-25 13:21:50.000
1815,Φωτογραφίες-trailer,2,2023-09-25 13:21:50.000
1816,Διεύθυνση Επικοινωνίας & Marketing,2,2023-09-25 13:21:50.000
1817,Γραφείο Τύπου Αθηναϊκά Θέατρα,2,2023-09-25 13:21:50.000
1818,"Μουσική, Σύνθεση ήχων",2,2021-01-31 10:18:57.000
1819,Σκηνοθεσία – μουσική επιμέλεια,2,2021-01-31 10:19:24.000
1820,Βοηθοί σκηνοθέτη,2,2021-01-31 10:19:27.000
1821,Επιμέλεια σκηνικού,2,2021-01-31 10:20:52.000
1822,Δραματουργική επεξεργασία - Σκηνοθεσία,2,2023-09-25 13:21:50.000
1823,Ερμηνεύουν,2,2021-01-31 10:22:11.000
1824,Κατασκευή σκηνικών,2,2021-01-31 10:22:14.000
1825,Κατασκευή κοστουμιών και περουκών,2,2021-01-31 10:22:14.000
1826,Φωτογραφία αφίσας,2,2021-01-31 10:22:16.000
1827,Αφηγητής,2,2021-01-31 10:22:44.000
1828,"Κείμενα, σκηνοθεσία",2,2021-01-31 10:22:45.000
1829,Μετάφραση / Διασκευή,2,2021-01-31 10:23:12.000
1830,Τραγούδι Παράστασης,2,2021-01-31 10:23:15.000
1831,Σχεδιασμός οπτικού υλικού,2,2021-01-31 10:23:18.000
1832,Υπεύθυνη Παραγωγής,2,2021-01-31 10:23:20.000
1833,Κείμενο- Σκηνοθεσία,2,2021-01-31 10:24:39.000
1834,Κινησιολογία,2,2021-01-31 10:24:41.000
1835,Σκηνικά- Κοστούμια,2,2021-01-31 10:24:44.000
1836,Σχεδιασμός Αφίσας,2,2021-01-31 10:24:46.000
1837,Υπεύθυνη επικοινωνίας,2,2021-01-31 10:24:47.000
1838,Βοηθός σκηνικών,2,2021-01-31 10:25:35.000
1839,Φωτογραφίες - poster,2,2021-01-31 10:25:36.000
1840,Τεχνικός υπεύθυνος –φώτα,2,2021-01-31 10:25:37.000
1841,Ταμείο- επικοινωνία,2,2021-01-31 10:25:38.000
1842,Υπεύθυνος επικοινωνίας,2,2021-01-31 10:28:29.000
1843,"Κείμενο, Σκηνοθεσία",2,2021-01-31 10:28:47.000
1844,Εικαστική διαμόρφωση,2,2021-01-31 10:28:48.000
1845,Μουσική επί σκηνής,2,2021-01-31 10:28:49.000
1846,Γυναίκα,2,2021-01-31 10:28:49.000
1847,Σκηνοθεσία – κοστούμια,2,2023-09-25 13:21:50.000
1848,Κείμενα,2,2021-01-31 10:29:25.000
1849,Σκηνοθεσία | Εικαστική σύνθεση | Φωτισμοί,2,2021-01-31 10:29:26.000
1850,Εικαστική εγκατάσταση,2,2021-01-31 10:29:26.000
1851,Χορογραφία | Επιμέλεια κίνησης,2,2021-01-31 10:29:27.000
1852,Επιμέλεια κίνησης των street performers,2,2021-01-31 10:29:28.000
1853,Σχεδιασμός κοστουμιών,2,2021-01-31 10:29:29.000
1854,Video-Animation | 3D mapping,2,2021-01-31 10:29:31.000
1855,Β’ Βοηθοί σκηνοθέτη,2,2021-01-31 10:29:32.000
1856,Επιμέλεια-Διασκευή,2,2023-09-25 13:21:50.000
1857,Προσαρμογή διαλόγων,2,2023-09-25 13:21:50.000
1858,Σκηνογραφία - Κούκλες,2,2023-09-25 13:21:50.000
1859,Μουσική πρωτότυπη,2,2023-09-25 13:21:50.000
1860,Μουσική – ηχητική επιμέλεια,2,2023-09-25 13:21:50.000
1861,Τρέιλερ παράστασης,2,2023-09-25 13:21:50.000
1862,Επικοινωνία και προβολή της παράστασης,2,2023-09-25 13:21:50.000
1863,Μετάφραση από τα Ισπανικά,2,2023-09-25 13:21:50.000
1864,Στίχοι,2,2023-09-25 13:21:50.000
1865,Κινηματογραφηση παραστασης,2,2023-09-25 13:21:50.000
1866,Διασκευή Σκηνοθεσία,2,2021-03-05 17:25:22.000
1867,Σκηνικά – Κοστούμια,2,2021-03-05 17:25:34.000
1868,Φώτα,2,2021-03-05 17:25:35.000
1869,Βοηθός σκηνοθέτη &Κίνηση,2,2021-03-05 17:26:23.000
1870,Σκηνικό & Κοστούμια,2,2021-03-05 17:26:24.000
1871,- Προλογίζουν οι ηθοποιοί,2,2023-09-25 13:21:50.000
1872,- Βοηθοί σκηνής,2,2023-09-25 13:21:50.000
1873,- Τραγούδι,2,2023-09-25 13:21:50.000
1874,- ΜΟΥΣΙΚΗ ΕΠΙΜΕΛΕΙΑ,2,2023-09-25 13:21:50.000
1875,- Σκηνοθεσία,2,2023-09-25 13:21:50.000
1876,- Κάμερες,2,2023-09-25 13:21:50.000
1877,- Μοντάζ,2,2023-09-25 13:21:50.000
1878,-Υπεύθυνη παραγωγής,2,2023-09-25 13:21:50.000
1879,- Δημόσιες σχέσεις / επικοινωνία,2,2023-09-25 13:21:50.000
1880,Σενάριο – σύλληψη,2,2021-03-05 17:27:23.000
1882,Σενάριο,2,2021-03-05 17:27:36.000
1883,Σκηνικό- κοστούμια,2,2021-03-05 17:27:36.000
1884,Χορογραφία,2,2021-03-05 17:27:37.000
1885,Σχεδιασμός Ήχου,2,2021-03-05 17:27:39.000
1886,Συνεργάτης Σκηνογράφος,2,2021-03-05 17:27:39.000
1887,Video,2,2021-03-05 17:27:40.000
1888,Βοηθοί σκηνοθέτες,2,2023-09-25 13:21:50.000
1889,Βοηθός σκηνοθέτη,2,2023-09-25 13:21:50.000
1890,Artwork,2,2021-03-05 17:27:45.000
1891,Φωτογραφίες παράστασης,2,2021-03-05 17:27:46.000
1892,Μουσική επιμέλεια-Στίχοι,2,2021-03-05 17:28:15.000
1893,Κάμερα/μοντάζ,2,2021-03-05 17:28:17.000
1894,Γραφιστικά,2,2021-03-05 17:28:20.000
1895,Διερμηνεία στη νοηματική,2,2021-03-05 17:28:22.000
1896,σκηνικό/κοστούμια,2,2021-03-05 17:28:35.000
1897,Βοηθός ενδυματολόγος,2,2021-03-05 17:29:05.000
1898,Κείμενο – Σκηνοθεσία,2,2023-09-25 13:21:50.000
1899,"Κινηματογραφική Σκηνοθεσία, Μοντάζ",2,2023-09-25 13:21:50.000
1900,Οπερατέρ,2,2023-09-25 13:21:50.000
1901,Colourist,2,2023-09-25 13:21:50.000
1902,Γραφιστική επιμέλεια,2,2023-09-25 13:21:50.000
1903,Παραστάσεις,2,2023-09-25 13:21:50.000
1904,Εισιτήρια,2,2021-03-05 17:29:32.000
1905,Διάρκεια,2,2021-03-05 17:29:33.000
1906,Σχεδιασμός μακιγιάζ,2,2021-03-05 17:29:44.000
1907,Σχεδιασμός κομμώσεων,2,2021-03-05 17:29:45.000
1908,Βίντεο,2,2021-03-05 17:29:46.000
1909,Βοηθός σκηνογράφου – ενδυματολόγου,2,2021-03-05 17:29:47.000
1910,Εκγύμναση ηθοποιών,2,2021-03-05 17:29:48.000
1911,Σκηνοθεσία- Φωτισμοί - Ερμηνεία,2,2021-03-05 17:30:01.000
1912,Μουσική σύνθεση,2,2021-03-05 17:30:02.000
1913,Μουσικός επί σκηνής,2,2021-03-05 17:30:02.000
1914,Σκηνική επιμέλεια,2,2021-03-05 17:30:03.000
1915,Κείμενο-στίχοι,2,2021-03-05 17:31:39.000
1916,Κατασκευές Μασκότ,2,2021-03-05 17:31:44.000
1917,Επικοινωνία – Δημόσιες Σχέσεις,2,2021-03-05 17:31:46.000
1918,Κίνηση - Χορογραφία,2,2021-03-05 17:32:12.000
1919,Σκηνοθεσία κινηματογραφικού μέρους,2,2021-03-05 17:32:13.000
1920,Βοηθός χορογράφου,2,2021-03-05 17:32:15.000
1921,Live streaming,2,2021-03-05 17:32:17.000
1922,Συντελεστές,2,2021-03-31 14:47:37.000
1923,Συγγραφέας του έργου «Ιστορία χωρίς Όνομα»,2,2021-03-31 14:47:38.000
1924,Σκηνοθεσία-Μουσική,2,2021-03-31 14:47:39.000
1925,Μοντάζ τηλεσκηνοθεσία,2,2021-03-31 14:47:40.000
1926,Ηair and makeup artist,2,2021-03-31 14:47:42.000
1927,Φωτογράφιση,2,2021-03-31 14:47:44.000
1928,Σκηνικά αντικείμενα,2,2021-03-31 14:50:22.000
1929,Βοηθός σκηνής,2,2021-03-31 14:50:23.000
1930,Δημιουργία αφίσας,2,2021-03-31 14:50:24.000
1931,Δημιουργία trailer,2,2021-03-31 14:50:25.000
1932,Σύλληψη ιδέας – σκηνοθεσία – ερμηνεία,2,2021-03-31 14:52:27.000
1933,Σκηνικά – κοστούμια – εικαστική σύνθεση,2,2021-03-31 14:52:28.000
1934,επιμέλεια,2,2023-09-25 13:21:50.000
1935,Κατασκευή Σκηνικού,2,2021-03-31 14:52:51.000
1936,Μουσική Παραγωγή-miximastering,2,2021-03-31 14:52:53.000
1937,Πίσω από τη σκηνή σε όλους τους ρόλους (φωνές & μιμήσεις),2,2021-03-31 14:53:07.000
1938,Για τις ηχογραφήσεις των δημοτικών τραγουδιών και αμανέδων,2,2021-03-31 14:53:18.000
1939,Πνευστά,2,2021-03-31 14:53:19.000
1940,Επιμέλεια ήχου,2,2021-03-31 14:53:20.000
1941,Κάμερα – Μοντάζ,2,2021-03-31 14:53:22.000
1942,Διεύθυνση Θεάτρου,2,2021-03-31 14:53:23.000
1943,Σκηνικά -Κοστούμια,2,2021-03-31 14:54:20.000
1944,Στην παράσταση παίζουν οι ηθοποιοί,2,2021-03-31 14:54:39.000
1945,Εκτέλεση παραγωγής,2,2021-03-31 15:03:14.000
1946,Μετάφραση – Σκηνοθεσία,2,2023-09-25 13:21:50.000
1947,Νυφικό κυρίας Ζούνη,2,2023-09-25 13:21:50.000
1948,Filming & Video Editing,2,2021-05-08 17:21:19.000
1949,Photos,2,2021-05-08 17:21:20.000
1950,Production,2,2021-05-08 17:21:21.000
1951,Απόδοση - Δραματουργία,2,2021-05-08 17:21:34.000
1952,Συνεργάτις Δραματουργός,2,2021-05-08 17:21:35.000
1953,Πρόζοροφ Ανδρέας,2,2021-05-08 17:21:37.000
1954,Ναταλία,2,2021-05-08 17:21:38.000
1955,Όλγα,2,2021-05-08 17:21:38.000
1956,Μάσα,2,2021-05-08 17:21:39.000
1957,Ειρήνη,2,2021-05-08 17:21:40.000
1958,Κουλίγκιν Θόδωρος,2,2021-05-08 17:21:40.000
1959,Βερσίνιν Αλέξανδρος,2,2021-05-08 17:21:41.000
1960,Τούζενμπαχ,2,2021-05-08 17:21:41.000
1961,Σολιόνι,2,2021-05-08 17:21:42.000
1962,Τσεμπουτίκιν,2,2021-05-08 17:21:43.000
1963,Φεντότικ,2,2021-05-08 17:21:43.000
1964,Ροντέ,2,2021-05-08 17:21:44.000
1965,Φεραπόντ,2,2021-05-08 17:21:45.000
1966,Ανφίσα,2,2021-05-08 17:21:45.000
1967,Φωτισμοί-Ηχοληψία,2,2021-05-08 17:22:00.000
1968,Πρωτότυπη μουσική σύνθεση,2,2021-05-08 17:22:16.000
1969,Χορογραφίες - Κίνηση,2,2021-05-08 17:22:18.000
1970,Διανομή Μεταξία,2,2021-05-08 17:22:37.000
1971,Σκηνοθεσία – Δραματουργική επεξεργασία,2,2021-05-08 17:22:38.000
1972,Βοηθός Σκηνοθέτις,2,2021-05-08 17:22:39.000
1973,Μετάφραση στην Αγγλική γλώσσα,2,2021-05-08 17:22:40.000
1974,Επιμέλεια μετάφρασης,2,2021-05-08 17:22:41.000
1975,Κοστούμι,2,2021-05-08 17:22:41.000
1976,Ακουστική Περιγραφή παράστασης στην ελληνική και αγγλική γλώσσα για τυφλά άτομα ή άτομα με μειωμένη όραση,2,2021-05-08 17:22:42.000
1977,Διερμηνεία στην Ελληνική Νοηματική Γλώσσα,2,2021-05-08 17:22:43.000
2330,Graphics design,2,2021-10-09 11:56:35.000
1978,Δημιουργία υποτίτλων (αγγλικοί-ελληνικοί),2,2021-05-08 17:22:43.000
1979,Μετάφραση υποτίτλων,2,2021-05-08 17:22:44.000
1980,Χειριστής φωτισμού-ήχου,2,2021-05-08 17:22:44.000
1981,Επιμέλεια / Κατασκευή σκηνικών & φιγουρών,2,2021-05-08 17:23:01.000
1982,Βοηθοί σκηνής,2,2021-05-08 17:23:03.000
1983,Δημόσιες σχέσεις / Επικοινωνία,2,2023-09-25 13:21:50.000
1984,Σενάριο / Σκηνοθεσία,2,2023-09-25 13:21:50.000
1985,Οργάνωση / Εκτέλεση Παραγωγής,2,2023-09-25 13:21:50.000
1986,Κατασκευή Μάσκας,2,2023-09-25 13:21:50.000
1987,Κατασκευή Σκηνικών Αντικειμένων / Φωτογραφία,2,2023-09-25 13:21:50.000
1988,Επεξεργασία κειμένου-σχεδιασμός φωτισμών και σκηνοθεσία,2,2021-05-08 17:25:11.000
1989,Ενορχήστρωση-μουσική διδασκαλία,2,2021-05-08 17:25:12.000
1990,Σκηνικό-κοστούμια,2,2021-05-08 17:28:03.000
1991,Σύνθεση,2,2021-06-08 18:21:49.000
1992,Φωτογραφίες-Video-Artwork,2,2021-06-08 18:21:58.000
1993,"Σύλληψη ιδέας, κείμενα, video, μουσικές επιλογές",2,2021-06-08 18:22:26.000
1994,Ενδυματολογική επιμέλεια,2,2021-06-08 18:22:28.000
1995,Σκηνοθεσία video,2,2021-06-08 18:22:29.000
1996,Ενορχηστρώσεις - διεύθυνση ορχήστρας,2,2021-06-08 18:22:30.000
1997,Μουσική τραγουδιού έναρξης,2,2021-06-08 18:22:31.000
1998,Στίχοι τραγουδιών,2,2021-06-08 18:22:31.000
1999,Σύλληψη σκηνικού χώρου,2,2021-06-08 18:22:50.000
2000,Διαμόρφωση σκηνικού χώρου,2,2021-06-08 18:22:51.000
2001,Βοηθός Σκηνοθετών,2,2021-06-08 18:22:53.000
2002,Αγωγή Λόγου,2,2021-06-08 18:22:53.000
2003,Βοηθός σκηνογράφου- ενδυματολόγου,2,2021-06-08 18:23:40.000
2004,Παίζουν οι,2,2021-06-08 18:23:41.000
2005,Μετάφραση-σκηνοθεσία,2,2021-06-08 18:24:44.000
2006,Επικοινωνία-προβολή,2,2021-06-08 18:24:47.000
2007,Επικοινωνιακό υλικό,2,2021-06-08 18:24:47.000
2008,Ιδέα,2,2021-06-08 18:26:05.000
2009,Δραματουργία,2,2021-06-08 18:26:07.000
2010,Βοηθός σκηνοθέτη - κίνηση,2,2021-06-08 18:26:09.000
2011,Μετάφραση/Διασκευή/Σκηνοθεσία,2,2021-06-08 18:26:29.000
2012,Το τραγούδι της παράστασης έγραψε ο,2,2021-06-08 18:26:29.000
2013,Σκηνικά/Κουστούμια,2,2021-06-08 18:26:31.000
2014,Βοηθός σκηνογράφος,2,2021-06-08 18:26:32.000
2015,ART WORK,2,2021-06-08 18:26:33.000
2016,Φωτογράφηση,2,2021-06-08 18:26:33.000
2017,Οργάνωση περιοδείας,2,2021-06-08 18:26:35.000
2018,Μουσικοί,2,2021-06-08 18:26:51.000
2019,Χορεύουν,2,2021-06-08 18:27:22.000
2020,Διασκευή – Απόδοση,2,2023-09-25 13:21:50.000
2021,Ενδυματολόγος,2,2021-06-08 18:27:53.000
2022,Φωτισμοί – Επιμέλεια ήχου,2,2021-06-08 18:27:53.000
2023,Έναρξη παραστάσεων,2,2021-06-08 18:27:56.000
2024,Λήξη παραστάσεων,2,2021-06-08 18:27:56.000
2025,Ώρα έναρξης,2,2021-06-08 18:27:57.000
2026,Διάρκεια παράστασης,2,2021-06-08 18:27:58.000
2027,«Ο ΜΑΓΟΣ ΤΟΥ ΟΖ» κάθε ΔΕΥΤΕΡΑ 18,2,2021-06-08 18:28:17.000
2028,Επιμέλεια Μαγικών,2,2023-09-25 13:21:50.000
2029,Μετάφραση από τα ρωσικά,2,2021-06-08 18:29:04.000
2470,Σκηνοθεσία,2,2023-09-25 13:21:50.000
2030,Ερμηνεύουν οι ηθοποιοί,2,2021-06-08 18:29:08.000
2031,"Η πρώτη του επαγγελματική του εμφάνιση ήταν στο έργο του Ζ. Φεϋντώ Ράφτης Κυριών (στο ρόλο του υπηρέτη Ετιέν), το 1994. Ακολούθησαν οι θεατρικές παρασ",2,2021-06-08 18:29:09.000
2032,"Η πρώτη του επαγγελματική του εμφάνιση ήταν στο έργο του Ζ. Φεϋντώ Ράφτης Κυριών (στο ρόλο του υπηρέτη Ετιέν), το 1994. Ακολούθησαν οι θεατρικές παρασ",2,2021-06-08 19:13:33.000
2033,"Η πρώτη του επαγγελματική του εμφάνιση ήταν στο έργο του Ζ. Φεϋντώ Ράφτης Κυριών (στο ρόλο του υπηρέτη Ετιέν), το 1994. Ακολούθησαν οι θεατρικές παρασ",2,2021-06-09 14:22:27.000
2034,Ορτανσία,2,2021-06-15 14:30:05.000
2035,Υάκινθος,2,2021-06-15 14:30:05.000
2036,Άγγελος Αγγέλου,2,2021-06-15 14:30:06.000
2037,Συντονισμός Project - Σκηνοθεσία,2,2021-06-15 15:14:41.000
2038,Art Director – Μουσική – Video Designer - Φωτογραφίες,2,2021-06-15 15:14:42.000
2039,Χορογράφος,2,2021-06-15 15:14:43.000
2040,Περφόρμερ,2,2021-06-15 15:14:44.000
2041,Voice-over,2,2021-06-15 15:14:47.000
2042,Διαχείριση Project,2,2021-06-15 15:14:48.000
2043,Graphic Designer,2,2021-06-15 15:14:50.000
2044,Δημόσιες Σχέσεις – Επικοινωνία,2,2021-06-15 15:14:51.000
2045,Κείμενο - Σκηνοθεσία,2,2021-06-15 15:15:40.000
2046,Καλλιτεχνική Διεύθυνση | Παραγωγή,2,2021-06-15 15:16:24.000
2047,Διασκευή | Σκηνοθεσία | Κίνηση,2,2021-06-15 15:16:25.000
2048,Κατασκευή πιάνο,2,2021-06-15 15:16:27.000
2049,Ήχος | Φώτα,2,2021-06-15 15:16:28.000
2050,Trailer,2,2021-06-15 15:16:29.000
2051,Graphic design,2,2021-06-15 15:16:30.000
2052,Social Media,2,2021-06-15 15:16:31.000
2053,Μετάφραση,2,2023-09-25 13:21:50.000
2054,Σκηνοθεσία,2,2021-06-15 15:16:45.000
2055,Μουσική,2,2021-06-15 15:16:46.000
2056,Κίνηση,2,2021-06-15 15:16:47.000
2057,Σκηνικά,2,2021-06-15 15:16:48.000
2058,Ενδύματα,2,2021-06-15 15:16:49.000
2059,Sound Design,2,2021-06-15 15:16:49.000
2060,Βοηθός Σκηνοθέτη,2,2021-06-15 15:16:50.000
2061,Φωτογραφίες promo,2,2021-06-15 15:16:51.000
2062,Μακιγιάζ/Κομμώσεις,2,2021-06-15 15:16:52.000
2063,Στίχοι του χορικού του έρωτα,2,2021-06-15 15:16:53.000
3209,Διεύθυνση,3,2023-02-20 16:57:47.000
2064,Υπεύθυνοι Επικοινωνίας,2,2021-06-15 15:16:54.000
2065,Διεύθυνση Παραγωγής,2,2021-06-15 15:16:55.000
2066,Σκηνοθεσία-Θεατρική διασκευή,2,2021-06-15 15:18:13.000
2067,Σκηνικά Κοστούμια,2,2021-06-15 15:18:14.000
2068,Μουσική - Ενορχήστρωση - Στίχοι,2,2021-06-15 15:19:11.000
2069,Επιμέλεια - Κατασκευή σκηνικού,2,2021-06-15 15:19:11.000
2070,Χορογραφίες - Κινησιολογία,2,2021-06-15 15:19:13.000
2071,Φωτογραφίες - Video Director,2,2021-06-15 15:19:13.000
2072,Music Production,2,2021-06-15 15:19:14.000
2073,Μίξη - Mastering,2,2021-06-15 15:19:15.000
2074,Μακιγιάζ - Χτενίσματα,2,2021-06-15 15:19:16.000
2075,Β.Σκηνοθέτη,2,2021-06-15 15:19:17.000
2076,Υπεύθυνος σκηνής,2,2021-06-15 15:19:20.000
2077,Επικοινωνία - Προβολή,2,2021-06-15 15:19:21.000
2078,Ερμηνεία,2,2021-06-15 15:19:41.000
2079,Ηχητική Επιμέλεια,2,2021-06-15 15:19:42.000
2080,Ηχοληψία - Φώτα - Βίντεο,2,2021-06-15 15:19:43.000
2081,Καραγκιοζοπαίχτης,2,2021-06-15 15:20:41.000
2082,Σκηνοθεσία/Φωτιστικός σχεδιασμός,2,2021-06-15 15:21:11.000
2083,Χορογραφία/κίνηση,2,2021-06-15 15:21:13.000
2084,Γραφιστικός σχεδιασμός/επιμέλεια,2,2021-06-15 15:21:14.000
2085,Σκηνοθεσία - χορογραφίες,2,2021-07-27 15:43:42.000
2086,Μουσική επιμέλεια - πρωτότυπη μουσική και τραγούδια,2,2021-07-27 15:43:44.000
2087,Στίχοι Πρωτότυπων Τραγουδιών,2,2021-07-27 15:43:45.000
2088,Video art (βασισμένο σε ντοκουμέντα της εποχής),2,2021-07-27 15:43:46.000
2089,Φωτογράφος,2,2021-07-27 15:43:47.000
2090,Κοστούμια- Φωτογραφίες,2,2023-09-25 13:21:50.000
2091,Μουσική επένδυση,2,2023-09-25 13:21:50.000
2092,Ειδικές κατασκευές κοστουμιών,2,2021-07-27 15:49:40.000
2093,Βοηθοί σκηνοθέτες,2,2021-07-27 15:49:41.000
2094,Σκηνογραφία – Δημιουργία projection mapping,2,2021-07-27 15:49:43.000
2095,Technical mapping equipment,2,2021-07-27 15:49:44.000
2096,Καλλιτεχνικός Διευθυντής,2,2021-07-27 15:49:44.000
2097,Makeup artist,2,2021-07-27 15:49:46.000
2098,Διασκευή - Απόδοση στίχων - Σκηνοθεσία,2,2021-07-27 15:52:15.000
2099,Πρωτότυπη μουσική*,2,2021-07-27 15:52:16.000
2100,Διεύθυνση και οργάνωση παραγωγής,2,2021-07-27 15:52:22.000
2101,"Μουσική διδασκαλία, προσαρμογή και ζωντανή απόδοση μουσικών θεμάτων στο πιάνο",2,2021-07-27 15:52:23.000
2102,Φωτισμός,2,2021-07-27 15:53:10.000
2103,Video/Φωτογραφίες,2,2021-07-27 15:53:11.000
2104,Σχεδιασμός Γραφικών,2,2021-07-27 15:53:12.000
2105,Βοηθός,2,2021-07-27 15:53:13.000
2106,Απόδοση,2,2021-07-27 15:54:27.000
2107,Σκηνοθεσία- Δραματουργική επεξεργασία,2,2021-07-27 15:54:28.000
2108,Επιμέλεια προβολών video,2,2021-07-27 15:54:32.000
2109,Δραματουργική συνεργασία,2,2021-07-27 15:54:34.000
2110,Βοηθός σκηνογράφου– ενδυματολόγου,2,2021-07-27 15:54:35.000
2111,Οδηγός σκηνής,2,2021-07-27 15:54:37.000
2112,Φωτογράφιση παράστασης,2,2021-07-27 15:54:38.000
2113,Stage Sound Engineer,2,2021-07-27 15:55:19.000
2114,"Μουσική Επιμέλεια, Διδασκαλία",2,2021-07-27 15:55:34.000
2115,Προβολές,2,2021-07-27 15:55:37.000
2116,Τρέιλερ,2,2021-07-27 15:55:41.000
2118,Παίζουν με αλφαβητική σειρά οι ηθοποιοί,2,2021-07-27 15:55:43.000
2119,Υπεύθυνος Παραγωγής,2,2023-09-25 13:21:50.000
2120,Στην παράσταση παίζουν ζωντανά μουσική οι ηθοποιοί,2,2021-07-27 15:55:51.000
2121,Στην ηχογράφηση της μουσικής έπαιξαν,2,2021-07-27 15:55:52.000
2122,Γραφιστικη επιμελεια φωτογραφιων,2,2021-08-03 13:14:35.000
2123,Σκηνοθεσία trailer,2,2021-08-03 13:14:37.000
2124,Καλλιτεχνική επιμέλεια/σκηνοθεσία,2,2021-08-03 13:14:49.000
2125,Βιολί,2,2021-08-03 13:15:26.000
2126,Ακορντεόν,2,2021-08-03 13:15:27.000
2127,Πιάνο,2,2021-08-03 13:15:28.000
2128,Τύμπανα,2,2023-09-25 13:21:50.000
2129,"Σκηνοθεσία, διαμόρφωση χώρου, επιμέλεια κοστουμιών",2,2021-08-03 13:16:12.000
2130,Δραματολόγος,2,2021-08-03 13:16:15.000
2131,Photo credits,2,2021-08-03 13:16:17.000
2132,Αντιγόνη,2,2021-08-03 13:16:22.000
2133,Κρέων,2,2021-08-03 13:16:24.000
2134,Τειρεσίας - κορυφαία Χορού,2,2021-08-03 13:16:25.000
2135,Ισμήνη - Αγγελιαφόρος,2,2021-08-03 13:16:26.000
2136,Αίμων,2,2021-08-03 13:16:27.000
2137,Ευρυδίκη - κορυφαία Χορού,2,2021-08-03 13:16:29.000
2138,Φύλακας - Εξάγγελος,2,2021-08-03 13:16:30.000
2139,Χορός,2,2021-08-03 13:16:32.000
2140,Δραματουργική επεξεργασία,2,2021-08-03 13:18:27.000
2141,Σχέδιο αφίσας,2,2021-08-03 13:18:34.000
2142,Επί σκηνής,2,2021-08-03 13:18:36.000
2143,Radio spot,2,2021-08-03 13:18:41.000
2144,Στις ηχογραφήσεις της μουσικής της παράστασης συμμετείχαν επίσης οι,2,2023-09-25 13:21:50.000
2145,Δραματοποίηση κειμένου,2,2021-08-03 13:21:10.000
2146,Φώτα/ ήχος,2,2021-08-03 13:21:18.000
2147,Σκηνοθεσία Trailer/ Video edit,2,2021-08-03 13:21:21.000
2148,Προβολή video - Επικοινωνιακό υλικό,2,2021-08-03 13:21:44.000
2149,Δημόσιες Σχέσεις,2,2023-09-25 13:21:50.000
2150,Ζωγραφική,2,2023-09-25 13:21:50.000
2151,Συγγραφή – Σκηνοθεσία,2,2023-09-25 13:21:50.000
2152,Χορογραφίες – Κινησιολογία,2,2023-09-25 13:21:50.000
2153,Σύμβουλος σκηνικών,2,2023-09-25 13:21:50.000
2154,σκηνοθεσία- χορογραφίες,2,2021-08-18 10:14:44.000
2155,μουσική ενορχήστρωση,2,2021-08-18 10:14:46.000
2156,Σκηνοθεσία-σκηνικά-μουσική επιμέλεια,2,2021-08-18 10:15:09.000
2157,Ηχητικά,2,2021-08-18 10:16:41.000
2158,Φωτογραφία-βίντεο,2,2021-08-18 10:16:42.000
2159,Επιμέλεια Μακιγιάζ,2,2021-08-18 10:16:44.000
2160,Δραματουργική Επιμέλεια,2,2021-08-18 10:18:25.000
2161,ΝΕΟΣ Ακάδημος,2,2021-08-18 10:18:36.000
2162,Τηλέφωνα Επικοινωνίας,2,2021-08-18 10:18:38.000
2163,Βοηθός Σκηνογράφου/Ενδυματολόγου,2,2021-08-18 10:19:52.000
2164,Διασκευή – Σκηνοθεσία,2,2021-08-18 10:21:34.000
2165,Μουσική επιμέλεια & Πρωτότυπη,2,2021-08-18 10:21:37.000
2166,Φωτογραφίες-Art Work,2,2021-08-18 10:21:40.000
2167,Επικοινωνία - Δημοσιές Σχέσεις,2,2021-08-18 10:21:41.000
2168,Χορικά,2,2021-08-18 10:22:43.000
2169,Κουστούμια,2,2021-08-18 10:22:43.000
2170,Εμψύχωση-ερμηνεία,2,2021-08-18 10:56:05.000
2171,Κίνηση – χειρισμός φιγουρών,2,2021-08-18 10:56:06.000
2172,Κατασκευή φιγουρών και σκηνικών,2,2021-08-18 10:56:07.000
2173,Μουσική παράστασης,2,2021-08-18 10:56:43.000
2174,Οργάνωση,2,2021-08-18 10:56:44.000
2175,Υποδήματα,2,2023-09-25 13:21:50.000
2176,Εγγραφή Μουσική,2,2023-09-25 13:21:50.000
2177,Περούκες,2,2023-09-25 13:21:50.000
2178,Αφίσσα,2,2023-09-25 13:21:50.000
2179,Θεατρική Διασκευή-Σκηνοθεσία,2,2021-08-18 10:58:04.000
2180,Ενορχηστρώσεις,2,2021-08-18 10:58:08.000
2181,"Βοηθός σκηνογράφου, ενδυματολόγου",2,2021-08-18 10:58:11.000
2182,Επικοινωνία- Δημόσιες Σχέσεις,2,2021-08-18 10:58:12.000
2183,Σκηνογράφος,2,2021-08-18 10:59:03.000
2184,Κείμενο – Μουσική,2,2021-08-18 10:59:22.000
2185,Θεατρική Διασκευή – Σκηνοθεσία,2,2021-08-18 10:59:23.000
2186,ΣΚΗΝΟΓΡΑΦΙΑ-ΕΝΔΥΜΑΤΟΛΟΓΙΑ,2,2023-09-25 13:21:50.000
2187,Διασκευή και σκηνοθεσία,2,2021-08-18 11:00:10.000
2188,Με τους,2,2021-08-18 11:00:15.000
2189,Θεατρική μεταφορά,2,2021-08-18 11:00:40.000
2190,Εικαστική εγκατάσταση & Ενδυματολογική επιμέλεια,2,2021-08-18 11:00:42.000
2191,Σύνθεση μουσικής,2,2021-08-18 11:00:43.000
2192,Κείμενο-σκηνοθεσία,2,2021-08-18 11:01:49.000
2193,Κινησιολογική επιμέλεια,2,2021-08-18 11:02:10.000
2194,Κείμενο - Μουσική,2,2021-08-18 11:03:29.000
2195,Σκηνοθεσία- Διασκευή,2,2021-08-18 11:03:30.000
2196,Σκηνικά & Κοστούμια,2,2021-08-18 11:03:31.000
2197,"Διασκευή, Μετάφραση",2,2021-10-09 10:53:08.000
2198,"Σκηνοθεσία, Χορογραφία",2,2021-10-09 10:53:10.000
2199,"Σκηνικά, Κοστούμια",2,2021-10-09 10:53:10.000
2200,"Μουσική επεξεργασία, Πρωτότυπη μουσική",2,2021-10-09 10:53:11.000
2201,Βοηθός φωτιστή,2,2021-10-09 10:54:22.000
2202,Επιστημονικός σύμβουλος,2,2021-10-09 10:54:23.000
2203,Δραματολόγος παράστασης,2,2021-10-09 10:54:24.000
2204,Προετοιμασία ηθοποιών στη γερμανική προφορά και εκφορά λόγου,2,2021-10-09 10:54:25.000
2205,Απόδοση - Σκηνοθεσία,2,2021-10-09 11:04:43.000
2206,Μουσική διδασκαλία - διεύθυνση ορχήστρας,2,2021-10-09 11:04:45.000
2207,Απόδοση Ελληνικών στίχων,2,2021-10-09 11:04:46.000
2208,βοηθός σκηνοθέτη,2,2021-10-09 11:04:53.000
2209,Concept & σκηνοθεσία,2,2021-10-09 11:07:17.000
2210,Ελληνική μετάφραση και σκηνοθετική επιμέλεια,2,2021-10-09 11:07:19.000
2211,Video Art,2,2021-10-09 11:07:45.000
2212,"Σκηνικά, Κοστούμια, Δ/νση Παραγ.",2,2021-10-09 11:10:01.000
2213,Μουσική & Επιμέλεια ήχου,2,2021-10-09 11:10:03.000
2214,Βοηθοί σκηνοθέτιδος,2,2021-10-09 11:10:05.000
2215,Επιμέλεια video,2,2021-10-09 11:10:23.000
2216,Ειδικά Εφέ,2,2021-10-09 11:10:24.000
2217,Σκίτσο αφίσας,2,2021-10-09 11:10:26.000
2218,Υπεύθυνη Επικοινωνίας Cartel Τεχνοχώρου,2,2021-10-09 11:10:29.000
2219,Μετάφραση - Σκηνοθεσία,2,2021-10-09 11:12:12.000
2220,Συνεργάτις θεατρολόγος,2,2021-10-09 11:12:18.000
2221,Σύμβουλος Επικοινωνίας,2,2021-10-09 11:12:22.000
2222,Προβολή-Δημόσιες Σχέσεις,2,2021-10-09 11:12:23.000
2223,Πρωταγωνιστούν (αλφαβητικά),2,2023-09-25 13:21:50.000
2224,Διανομή,2,2021-10-09 11:15:39.000
2225,Μουσική – Video εγκατάσταση,2,2021-10-09 11:16:59.000
2226,Βοηθός σκηνοθέτης,2,2021-10-09 11:17:00.000
2227,Μετάφραση – Δραματουργική επεξεργασία,2,2021-10-09 11:18:26.000
2228,Σκηνοθεσία-Μουσική επιμέλεια,2,2021-10-09 11:19:44.000
2229,Επικοινωνία θεάτρου,2,2021-10-09 11:19:48.000
2230,Παίζουν οι ηθοποιοί με αλφαβητική σειρά,2,2021-10-09 11:20:54.000
2231,Κάθε Κυριακή; 11,2,2021-10-09 11:21:03.000
2232,"Για κρατήσεις, αλλά και για οποιαδήποτε πληροφορία, μπορείτε να επικοινωνήσετε στο τηλέφωνο 6944 310 395 ή με e-mail",2,2021-10-09 11:21:04.000
2233,Βοηθός σκηνοθέτη – Επιμέλεια κίνησης,2,2021-10-09 11:21:29.000
2234,Συγγραφή - Σκηνοθεσία,2,2023-09-25 13:21:50.000
2235,Video design,2,2023-09-25 13:21:50.000
2236,Σχεδιασμός Φωτισμού - Μουσική επιμέλεια,2,2021-10-09 11:22:23.000
2237,"Διασκευή, σκηνοθεσία, στίχοι τραγουδιών",2,2021-10-09 11:23:02.000
2238,"Διασκευή, δραματουργική επερξεργασία",2,2021-10-09 11:23:03.000
2239,"Σκηνικά, κοστούμια, video (προβολές)",2,2021-10-09 11:23:04.000
2240,"Κομμώσεις, περούκες",2,2021-10-09 11:23:07.000
2241,Πρωτότυπη μουσική σύνθεση και εκτέλεση/ προγραμματισμός synthesizer,2,2021-10-09 11:24:36.000
2242,Φωτογραφία/βίντεο,2,2021-10-09 11:24:46.000
2243,Διασκευή – σύνθεση μουσικής,2,2021-10-09 11:25:04.000
2244,Τεχνικός ήχου και φωτισμού,2,2021-10-09 11:25:06.000
2245,Επιμέλεια κίνησης/Χορογραφία,2,2021-10-09 11:25:46.000
2246,Σύλληψη ιδέας – Δραματουργία – Σκηνοθεσία,2,2021-10-09 11:26:08.000
2247,Σκηνογραφία – Ενδυματολογία,2,2021-10-09 11:26:09.000
2248,Βίντεο – Διεύθυνση φωτογραφίας,2,2021-10-09 11:26:12.000
2249,Επιστημονικός συνεργάτης,2,2021-10-09 11:26:13.000
2250,Βοηθός Σκηνοθέτιδος,2,2021-10-09 11:26:16.000
2251,Βοηθός Σκηνογράφου – Artwork,2,2021-10-09 11:26:17.000
2252,Μουσική Επιμέλεια - Σχεδιασμός Φωτισμού,2,2021-10-09 11:26:51.000
2253,Σκηνογραφία - Ενδυματολογία,2,2021-10-09 11:26:53.000
2254,Κούκλες,2,2023-09-25 13:21:50.000
2255,Φωτογραφίες & trailer,2,2021-10-09 11:28:27.000
2256,Μακιγιάζ φωτογράφησης,2,2021-10-09 11:28:27.000
2257,Χορογραφία ιαπωνικού χορού-Mudras,2,2021-10-09 11:28:52.000
2258,Απόδοση κειμένων στην Ελληνική Νοηματική Γλώσσα,2,2021-10-09 11:28:53.000
2259,Φωτογραφίες promo,2,2021-10-09 11:28:58.000
2260,Υπηρεσίες Προσβασιμότητας,2,2021-10-09 11:29:00.000
2261,Μετάφραση – θεατρική διασκευή,2,2021-10-09 11:30:03.000
2262,Μουσική- Σύνθεση,2,2021-10-09 11:30:07.000
2263,Ερμηνεία Τραγουδιού,2,2021-10-09 11:30:08.000
2264,Στίχοι Τραγουδιού,2,2021-10-09 11:30:09.000
2265,Video – Promo trailer,2,2021-10-09 11:30:12.000
2266,Σχεδιασμός Ήχων και Φώτων,2,2023-09-25 13:21:50.000
2267,"Β. σκηνοθέτη, μουσική επιμέλεια",2,2023-09-25 13:21:50.000
2268,Θεατρικό Μακιγιάζ,2,2021-10-09 11:30:15.000
2269,Video - Promo trailer,2,2021-10-09 11:30:21.000
2270,Σχεδιασμός φώτων,2,2021-10-09 11:30:22.000
2271,Σύμβουλος δραματουργίας,2,2021-10-09 11:30:56.000
2272,Σκηνικός χώρος-Κοστούμια,2,2021-10-09 11:30:58.000
2273,Σχεδιασμός αφίσας – έντυπο υλικού,2,2021-10-09 11:31:01.000
2274,Διασκευή για παιδιά – Σκηνοθεσία,2,2021-10-09 11:31:22.000
2275,Μουσική σύνθεση – Μουσική διδασκαλία – Ζωντανή εκτέλεση,2,2021-10-09 11:31:23.000
2276,Κινησιολογία – Χορογραφία,2,2021-10-09 11:31:26.000
2277,Ειδικές κατασκευές - σκηνικά αντικείμενα - καπέλα,2,2021-10-09 11:31:28.000
2278,Ζωγράφος σκηνικών,2,2021-10-09 11:31:29.000
2279,Ραφή Κοστουμιών,2,2021-10-09 11:31:31.000
2280,Φωτογραφίες – Βίντεο,2,2021-10-09 11:31:32.000
2281,Υπεύθυνος φωτισμών,2,2021-10-09 11:31:34.000
2282,Υπεύθυνοι ήχου,2,2021-10-09 11:31:35.000
2283,Βοηθός οργάνωσης παραγωγής,2,2021-10-09 11:31:38.000
2284,Διεύθυνση - Οργάνωση παραγωγής,2,2021-10-09 11:31:39.000
2285,Υπεύθυνη δημοσίων σχέσεων,2,2021-10-09 11:31:40.000
2286,Ζωντανή Μουσική,2,2021-10-09 11:31:58.000
2287,Θίασος ηθοποιών,2,2021-10-09 11:32:31.000
2288,Μουσική παραγωγή,2,2021-10-09 11:32:41.000
2289,Φωτογραφία - βίντεο - προβολές,2,2021-10-09 11:32:43.000
2290,Μάσκες - ειδικά εφέ,2,2021-10-09 11:32:44.000
2291,Διασκευή / Σκηνοθεσία,2,2021-10-09 11:33:03.000
2292,Σκηνικά / Κοστούμια,2,2021-10-09 11:33:04.000
2293,Ψυχολόγος / Δραματουργός,2,2021-10-09 11:33:07.000
2295,Τεχνική υποστήριξη,2,2021-10-09 11:34:37.000
2296,Γραφιστική επιμέλεια αφίσας,2,2021-10-09 11:34:39.000
2297,Eπικοινωνία - Δημόσιες σχέσεις,2,2021-10-09 11:36:01.000
2298,Σκηνοθεσία - Σκηνικά - Κοστούμια,2,2023-09-25 13:21:50.000
2299,Επεξεργασία κειμένου - ερμηνεία,2,2021-10-09 11:38:01.000
2300,Παίζουν (κατά αλφαβητική σειρά),2,2021-10-09 11:39:37.000
2301,"To Theseum Ensemble αποτελείται, επίσης, από τους",2,2021-10-09 11:39:42.000
2302,Σκηνοθεσία/Σκηνογραφία,2,2021-10-09 11:39:58.000
2303,Βίντεο - trailer,2,2021-10-09 11:40:21.000
2304,Κατασκευές,2,2021-10-09 11:41:33.000
2305,Θεατρικό κείμενο /δραματουργία,2,2021-10-09 11:44:23.000
2306,Σκηνικός Χώρος – Κοστούμια,2,2021-10-09 11:44:27.000
2307,Voice Over,2,2021-10-09 11:44:38.000
2308,Διασκευή - Στίχοι,2,2021-10-09 11:44:52.000
2309,Μάσκες,2,2021-10-09 11:44:57.000
2310,Ήχος-Φώτα,2,2021-10-09 11:45:00.000
2311,Βίντεο – Εικαστική Σύνθεση,2,2021-10-09 11:45:26.000
2312,Video Mapping – Φωτισμοί,2,2021-10-09 11:45:27.000
2313,Διασκευή – Στίχοι,2,2021-10-09 11:46:21.000
2314,"Μουσική επιμέλεια, διεύθυνση ορχήστρας",2,2021-10-09 11:47:01.000
2315,Επιμέλεια μουσικής- μουσική διδασκαλεία,2,2021-10-09 11:47:37.000
2316,Μετάφραση-απόδοση,2,2021-10-09 11:48:05.000
2317,Φωτογραφίες - Art Work,2,2021-10-09 11:48:13.000
2318,Υπεύθυνη Επικοινωνίας και Δημοσίων Σχέσεων,2,2021-10-09 11:48:14.000
2319,Κείμενο-Σκηνοθεσία-Κατασκευή Κουκλών,2,2021-10-09 11:50:23.000
2320,Σκηνικά - Κουστούμια,2,2021-10-09 11:54:57.000
2321,Ψιμυθιολόγος,2,2021-10-09 11:54:59.000
2322,Video Post Production,2,2021-10-09 11:55:01.000
2323,Σκηνοθέτης Trailer,2,2021-10-09 11:55:02.000
2324,Γραφικά & Σχεδιασμός Ηχητικών Εφέ,2,2021-10-09 11:55:03.000
2325,Σύλληψη - Δραματουργία - Σκηνοθεσία – Ερμηνεία,2,2023-09-25 13:21:50.000
2326,Σύνθεση πρωτότυπης μουσικής - Σχεδιασμός ήχου,2,2021-10-09 11:55:50.000
2327,Σχεδιασμός φιγούρων,2,2021-10-09 11:55:51.000
2328,Επιμέλεια φωτισμού - Φωτογραφίες,2,2021-10-09 11:55:54.000
2329,Βοηθός σκηνοθέτιδος – Επιμέλεια κειμένων,2,2021-10-09 11:55:55.000
2331,Πρωτότυπη μουσική επένδυση,2,2021-10-09 11:56:36.000
2332,Σκηνικά – Βίντεο,2,2021-10-09 11:57:06.000
2333,Είδος,2,2021-10-09 11:57:43.000
2334,Οπτική επικοινωνία,2,2021-10-09 11:57:54.000
2335,Κατασκευή σκηνικών αντικειμένων,2,2021-10-09 11:57:57.000
2336,Σκίτσα,2,2021-10-09 11:58:51.000
2337,Σκηνικά-κουστούμια,2,2021-10-09 11:59:12.000
2338,Πρωτότυπη μουσική και γραφιστικά,2,2021-10-09 11:59:13.000
2339,Make up,2,2021-10-09 11:59:16.000
2340,Τρέιλερ-μοντάζ,2,2021-10-09 11:59:18.000
2341,Επικοινωνία - Δημόσιες Σχέσες,2,2021-10-09 11:59:19.000
2342,Βοηθός Σκηνοθέτη / Κάμερα,2,2021-10-09 12:00:15.000
2343,Φροντιστήριο,2,2021-10-09 12:00:28.000
2344,Ταμείο,2,2021-10-09 12:00:35.000
2345,ΣΚΗΝΙΚΗ ΠΑΛΗ,2,2021-10-09 12:00:56.000
2346,Σκηνοθεσία - μετάφραση - διασκευή,2,2021-10-09 12:01:16.000
2347,Ηθοποιοί - Performers,2,2021-10-09 12:01:44.000
2348,•ΔΗ.ΠΕ.ΘΕ. Κοζάνης (10,2,2021-10-09 12:03:04.000
2349,Τιμή εισιτηρίου,2,2021-10-09 12:03:05.000
2350,αγοράζοντας το ενιαίο εισιτήριο,2,2021-10-09 12:03:07.000
2351,Βοηθός σκηνοθέτης – Φωτογραφίες – Trailer – Γραφιστικά,2,2021-10-09 12:04:16.000
2352,Βοηθός σκηνογράφου & ενδυματολόγου – Φροντιστής,2,2021-10-09 12:04:17.000
2353,Μακιγιάζ φωτογράφησης & trailer,2,2021-10-09 12:04:18.000
2354,Επικοινωνία παράστασης,2,2021-10-09 12:04:19.000
2355,Φωτισμοί-Φωτογραφίες,2,2021-10-09 12:05:29.000
2356,Προβολής - Επικοινωνία,2,2021-10-09 12:05:32.000
2357,Σκηνοθεσία-σύλληψη,2,2021-10-09 12:06:04.000
2358,Επιμέλεια σκηνικού χώρου-κοστούμια,2,2021-10-09 12:06:07.000
2359,Πρωτότυπη μουσική σύνθεση και ενορχήστρωση,2,2023-09-25 13:21:50.000
2360,Σκηνικός χώρος και ενδυματολογική επιμέλεια,2,2021-10-09 12:06:40.000
2361,Κίνηση και χορογραφίες,2,2023-09-25 13:21:50.000
2362,Αφίσα παράστασης,2,2023-09-25 13:21:50.000
2363,Επιμέλεια προγράμματος,2,2021-10-09 12:06:44.000
2364,Π​ΑΙΖΟΥΝ (αλφαβητικά),2,2021-10-09 12:06:47.000
2365,Φωτογραφίες – τρέιλερ,2,2021-10-09 12:08:00.000
2366,Επικοινωνίας - δημόσιες σχέσεις,2,2021-10-09 12:08:01.000
2367,Σκηνοθεσία / Δραματουργική Επεξεργασία/ Κινησιολογία,2,2021-10-09 12:09:21.000
2368,Επιμέλεια Χορογραφίας και κίνησης,2,2021-10-09 12:09:24.000
2369,Ενδυματολογία και Fashion Design Concept,2,2021-10-09 12:09:27.000
2370,Φωτογραφίες - trailer παράστασης,2,2021-10-09 12:10:06.000
2371,Ηθοποιοί αλφαβητικά,2,2021-10-09 12:10:09.000
2372,Βοηθός σκηνογράφου-ενδυματολόγου,2,2021-10-09 12:10:29.000
2373,Παίζουν (αλφαβητικά),2,2021-10-09 12:10:30.000
2374,Σκηνικά-Κοστούμια-Φωτισμοί,2,2021-10-09 12:11:23.000
2375,Μουσική-Ηχητικό περιβάλλον,2,2021-10-09 12:11:24.000
2376,Σκηνοθεσία - διασκευή,2,2021-10-09 12:12:05.000
2377,Επιμέλεια κίνησης – χορογραφία,2,2021-10-09 12:12:09.000
2378,Διδασκαλία ξιφασκίας,2,2021-10-09 12:12:10.000
2379,Μεταφράση / Διασκευή / Σκηνοθεσία,2,2021-10-09 12:13:04.000
2471,Eρμηνεύουν,2,2021-11-26 15:33:12.000
2380,Βοηθός Σκηνοθέτη / Έμμετρα Μέρη,2,2021-10-09 12:13:07.000
2381,Video Post Production Trailer,2,2021-10-09 12:15:19.000
2382,Ιδέα/Σκηνοθεσία,2,2021-10-09 12:15:43.000
2383,Στα Βίντεο εμφανίζονται,2,2021-10-09 12:15:45.000
2384,Κείμενο/Σκηνοθεσία/Ερμηνεία,2,2021-10-09 12:16:03.000
2385,Μουσική/Ηχητικά τοπία,2,2021-10-09 12:16:06.000
2386,"Σκηνοθεσία, χορογραφία, performance",2,2023-09-25 13:21:50.000
2387,ΤΡΙΣΔΙΑΣΤΑΤΑ ΓΡΑΦΙΚΑ,2,2021-11-26 14:27:58.000
2388,Βίντεο Τρέϊλερ,2,2021-11-26 14:30:12.000
2389,"Επικοινωνία, Δημόσιες Σχέσεις",2,2021-11-26 14:30:15.000
2390,Διαδικτυακή επικοινωνία,2,2021-11-26 14:30:16.000
2391,Απόδοη-σκηνοθεσία,2,2021-11-26 14:36:31.000
2392,Video-προβολές,2,2021-11-26 14:36:34.000
2393,Επιμέλεια φωτισμού,2,2021-11-26 14:39:33.000
2394,Μουσική επιμέλεια & Ενορχηστρώσεις,2,2021-11-26 14:39:34.000
2395,Σκηνοθεσία-Φωτισμοί,2,2021-11-26 14:42:00.000
2396,Βοηθός ενδυματολόγων,2,2021-11-26 14:42:03.000
2397,ΣΚΗΝΟΓΡΑΦΙΑ-ΚΑΤΑΣΚΕΥΕΣ,2,2021-11-26 14:43:08.000
2398,ΒΙΝΤΕΟΠΡΟΒΟΛΕΣ,2,2021-11-26 14:43:11.000
2399,ΒΟΗΘΟΣ ΣΚΗΝΟΘΕΣΙΑΣ,2,2021-11-26 14:43:12.000
2400,ΟPENING,2,2021-11-26 14:50:03.000
2401,VENUE,2,2021-11-26 14:50:04.000
2402,Σκηνικά&Κοστούμια,2,2021-11-26 14:51:02.000
2403,Φωτογραφίες& Βίντεο,2,2021-11-26 14:51:06.000
2404,Κείμενο - Σκηνοθεσία,2,2023-09-25 13:21:50.000
2405,Επιμέλεια κοστουμιών,2,2023-09-25 13:21:50.000
2406,Ενορχήστρωση-Διασκευή,2,2021-11-26 14:51:34.000
2407,Boηθός σκηνοθέτη,2,2023-09-25 13:21:50.000
2408,Σκηνικά - Κωστούμια,2,2021-11-26 14:51:59.000
2409,Σύλληψη – Σκηνοθεσία - Δραματουργία,2,2021-11-26 14:55:50.000
2410,Φωτογραφία αφίσας - Trailer παράστασης,2,2021-11-26 14:55:59.000
2411,ΙΣΤΟΡΙΑ,2,2023-09-25 13:21:50.000
2412,ΘΕΑΤΡΙΚΗ ΜΕΤΑΦΟΡΑ – ΣΚΗΝΟΘΕΣΙΑ,2,2021-11-26 14:58:08.000
2413,ΜΟΥΣΙΚΗ ΕΠΕΝΔΥΣΗ,2,2023-09-25 13:21:50.000
2414,ΦΩΤΙΣΜΟΙ 3D ANIMATION,2,2023-09-25 13:21:50.000
2415,"Έγχορδα (μπουζούκι, λαούτο )",2,2021-11-26 14:59:45.000
2416,Κιθάρες,2,2021-11-26 14:59:46.000
2417,Δημόσιες Σχέσεις - Επικοινωνία,2,2021-11-26 14:59:50.000
2418,Δημήτρης Αδάμης,2,2021-11-26 15:01:07.000
2419,Videography,2,2021-11-26 15:05:06.000
2420,Βοηθός σκηνοθέτη - Χορογραφίες,2,2021-11-26 15:06:41.000
2421,Επιμέλεια - Σχεδιασμός Φωτισμού,2,2021-11-26 15:06:42.000
2422,Μουσική - ενορχήστρωση,2,2021-11-26 15:09:09.000
2423,Κατασκευή κούκλας,2,2021-11-26 15:09:10.000
2424,Σκηνικά - ειδικές κατασκευές,2,2021-11-26 15:09:12.000
2425,Βοηθ. Σκηνοθεσίας,2,2021-11-26 15:09:14.000
2426,Βοηθ. Οργάνωσης Παραγωγής,2,2021-11-26 15:09:15.000
2427,Ηχογράφηση- editing- mastering,2,2021-11-26 15:09:17.000
2428,Σκηνοθεσία - Σκηνική εγκατάσταση – Διασκευή,2,2021-11-26 15:12:00.000
2429,Εκτέλεση σκηνικής εγκατάστασης,2,2021-11-26 15:12:04.000
2430,Σκηνικός χώρος,2,2021-11-26 15:12:28.000
2431,Σκηνοθεσία - Σύνθεση Κειμένου - Ερμηνεία,2,2023-09-25 13:21:50.000
2432,Μουσικός επί Σκηνής - Πρωτότυπη Μουσική,2,2023-09-25 13:21:50.000
2433,Σκηνοθετική επιμέλεια,2,2021-11-26 15:14:54.000
2434,Σύλληψη - Σκηνοθεσία - Μάσκες,2,2021-11-26 15:15:14.000
2435,Σκηνικά - Κοστούμια - props,2,2021-11-26 15:15:16.000
2436,Βοηθός σκηνογράφου - ενδυματολόγου,2,2021-11-26 15:15:21.000
2437,Φωτογραφίες- Bίντεο,2,2021-11-26 15:15:22.000
2438,Γραφείο Τύπου & Επικοινωνίας,2,2021-11-26 15:15:24.000
2439,Σχεδιασμός - Γραφιστική επιμέλεια,2,2021-11-26 15:15:26.000
2440,Σκηνοθεσία – Μουσική σύνθεση,2,2021-11-26 15:17:59.000
2441,Σύνθεση Body Percussion – Tap,2,2023-09-25 13:21:50.000
2442,Σκηνικές κατασκευές,2,2023-09-25 13:21:50.000
2443,Συγγραφείς,2,2023-09-25 13:21:50.000
2444,Μακιγιάζ ειδικών εφέ,2,2021-11-26 15:20:32.000
2445,Hair Stylist,2,2021-11-26 15:20:34.000
2446,Βίντεο – Μοντάζ,2,2021-11-26 15:20:35.000
2447,Ήχος-μουσική,2,2021-11-26 15:21:36.000
2448,Βοηθοί σκηνοθεσίας,2,2021-11-26 15:21:37.000
2449,Directed by,2,2021-11-26 15:24:24.000
2450,Σύνθεση Κειμένου - Δραματουργική Επεξεργασία,2,2021-11-26 15:24:59.000
2451,Video Trailer,2,2021-11-26 15:25:04.000
2452,Μετάφραση/Σκηνοθεσία,2,2021-11-26 15:26:38.000
2453,Σκηνογραφική/Ενδυματολογική επιμέλεια,2,2021-11-26 15:26:41.000
2454,Μουσική/Ηχητική επιμέλεια,2,2021-11-26 15:26:42.000
2455,Ηχογραφημένη Φωνή,2,2021-11-26 15:26:45.000
2456,"Σκηνοθεσία, στίχοι, μουσική",2,2021-11-26 15:27:24.000
2457,"Σκηνικά, κοστούμια, κατασκευές",2,2021-11-26 15:27:25.000
2458,Κατασκευές κοστουμιών,2,2021-11-26 15:27:26.000
2459,Σύνθεση εικόνων σκηνικού,2,2021-11-26 15:27:27.000
2460,Επιμέλεια κειμένου,2,2021-11-26 15:27:28.000
2461,Σκηνοθεσία - Μουσική επιμέλεια,2,2023-09-25 13:21:50.000
2462,Κοστούμια- σκηνικά,2,2023-09-25 13:21:50.000
2463,Σχεδιασμός Φωτισμών/χειρισμός ήχων & φωτισμών,2,2021-11-26 15:28:44.000
2464,Μετάφραση/ διασκευή,2,2021-11-26 15:29:02.000
2465,Διασκευή – Ενορχήστρωση,2,2021-11-26 15:29:04.000
2466,Φωτογράφος/Artwork,2,2021-11-26 15:31:15.000
2467,Δραματουργική Επεξεργασία/Σκηνοθεσία,2,2021-11-26 15:32:38.000
2468,Κοστούμι/Σκηνικός χώρος,2,2021-11-26 15:32:40.000
2469,Σχεδιασμός Προγράμματος,2,2021-11-26 15:32:44.000
2472,Σκηνικά-κοστούμια-σχεδιασμός βίντεο,2,2021-11-26 15:33:14.000
2473,Κάθε Παρασκευή και Σάββατο στις 21,2,2023-09-25 13:21:50.000
2474,ΜΟΥΣΙΚΗ - ΤΡΑΓΟΥΔΙΑ,2,2021-11-26 15:33:38.000
2475,Επιλογή τραγουδιών,2,2021-11-26 15:34:05.000
2476,Διδασκαλία χορών,2,2021-11-26 15:34:06.000
2477,Παίζουν αλφαβητικά,2,2021-11-26 15:34:07.000
2478,Λύρα,2,2021-11-26 15:34:09.000
2479,Σκηνοθεσία - Εικαστική Άποψη,2,2021-11-26 15:35:41.000
2480,Bοηθός σκηνοθέτη,2,2021-11-26 15:35:44.000
2481,Φωτογραφία & Live video,2,2021-11-26 15:35:45.000
2482,Art direction - Video art - Σχεδιασμός αφίσας,2,2021-11-26 15:36:15.000
2483,Καλλιτεχνική συνεργασία,2,2021-11-26 15:36:16.000
2484,Μετάφραση – Δραματουργία,2,2021-11-26 15:37:15.000
2485,Ηχητική εγκατάσταση,2,2021-11-26 15:37:18.000
2486,Β’ βοηθός σκηνοθέτη,2,2021-11-26 15:37:23.000
2487,Μουσική – Στίχοι,2,2021-11-26 15:38:07.000
2488,Μετάφραση – Σκηνοθεσία – Επιμέλεια σκηνικού,2,2021-11-26 15:38:08.000
2489,Μουσική διεύθυνση – Διδασκαλία χορωδιών – Διασκευή μουσικής και στίχων,2,2021-11-26 15:38:09.000
2490,Κοστούμια / Υπεύθυνη χορωδιών επί σκηνής,2,2021-11-26 15:38:10.000
2491,Σκηνογραφική Επιμέλεια,2,2021-11-26 15:38:11.000
2492,Φωτισμοί Α’,2,2021-11-26 15:38:12.000
2493,Ηχοτοπία,2,2021-11-26 15:38:13.000
2494,Ηχοληψία / Προσαρμογή Φωτισμών,2,2021-11-26 15:38:14.000
2495,Πρώτη οργάνωση προγράμματος χορωδιών,2,2021-11-26 15:38:15.000
2496,Σκηνοθεσία – Δραματουργία - Φωτισμοί,2,2021-11-26 15:39:38.000
2497,Πρωτότυπη μουσική & ηχητικό περιβάλλον,2,2021-11-26 15:39:41.000
2498,Εικαστικό περιβάλλον,2,2021-11-26 15:43:15.000
2499,Σχεδιασμός γραφιστικών,2,2021-11-26 15:43:17.000
2500,Διασκευή κειμένου - ερμηνεία,2,2021-11-26 15:43:54.000
2501,Φωνές που ακούγονται στη διάρκεια της παράστασης,2,2021-11-26 15:43:56.000
2502,Σκηνοθέτης,2,2021-11-26 15:44:20.000
2503,Ιδέα Σκηνικού,2,2021-11-26 15:44:22.000
2504,Υλοποίηση Σκηνικού -Κοστούμια,2,2021-11-26 15:44:23.000
2505,Βίντεο Προώθησης,2,2021-11-26 15:44:27.000
2506,Μουσική σύνθεση-επιμέλεια,2,2021-11-26 15:44:45.000
2507,Φωτογραφίες-τρέιλερ,2,2021-11-26 15:44:49.000
2508,Κατασκευή ναύτη-κούκλες,2,2021-11-26 15:45:13.000
2509,Σύνθεση - Σκηνοθεσία,2,2021-11-26 15:48:46.000
2510,Επικοινωνία & Δημόσιες Σχέσεις,2,2021-11-26 15:48:49.000
2511,Βιολιστική Παρέμβαση,2,2021-11-26 15:48:50.000
2512,Εικαστική Παρέμβαση,2,2021-11-26 15:48:51.000
2513,Μουσικό - Ηχητικό περιβάλλον,2,2021-11-26 15:50:31.000
2514,Μετάφραση στα Ελληνικά,2,2021-11-26 15:53:05.000
2515,Visuals,2,2021-11-26 15:56:12.000
2516,"Σχεδιασμός φώτων, ρομποτικές κατασκευές",2,2021-11-26 15:56:14.000
2517,Σχεδιασμός Αφίσας,2,2023-09-25 13:21:50.000
2518,Σκηνοθεσία / Editing teaser,2,2023-09-25 13:21:50.000
2519,Κινηματογράφιση teaser,2,2021-11-26 15:56:18.000
2520,Επιμέλεια μαλλιών και μακιγιάζ,2,2021-11-26 15:56:20.000
2521,Δημιουργία καπέλων,2,2021-11-26 15:56:21.000
2522,Υποστήριξη Παραγωγής,2,2021-11-26 15:56:25.000
2523,Σχεδιασμός εντύπου και ψηφιακού υλικού,2,2021-11-26 15:56:49.000
2524,Σκηνικά και Φωτισμοί,2,2021-11-26 15:57:25.000
2525,Γραφιστικός σχεδιασμός,2,2021-11-26 15:57:29.000
2526,Τζίμμυ,2,2021-11-26 15:57:52.000
2527,Άλισον,2,2021-11-26 15:57:53.000
2528,Κλίφφ,2,2021-11-26 15:57:54.000
2529,Έλενα,2,2021-11-26 15:57:55.000
2530,"Ταγματάρχης Ρέντφερν, πατέρας της Άλισον",2,2021-11-26 15:57:56.000
2531,Επιλογή Δραματολογίου-Μετάφραση,2,2021-11-26 15:57:57.000
2532,Κινησιολόγος-βοηθός σκηνοθέτη,2,2021-11-26 15:57:59.000
2533,Μουσική επιμέλεια-σχεδιασμός ήχου,2,2021-11-26 15:58:02.000
2534,Σκηνοθεσία – φωτισμοί – μουσική επιμέλεια,2,2021-11-26 15:58:30.000
2535,Visual Communication,2,2021-11-26 15:58:36.000
2536,Παίζουν (με αλφαβητική σειρά),2,2021-11-26 15:59:10.000
2537,Διασκευή- Σκηνοθεσία,2,2021-11-26 16:03:36.000
2538,"Βοηθός σκηνοθέτη, φωτογραφίες",2,2021-11-26 16:03:39.000
2539,Συνεργάτες Βοηθοί,2,2021-11-26 16:04:47.000
2540,Εικαστική επιμέλεια,2,2021-11-26 16:04:48.000
2541,Επεξεργασία εικόνας – φωτομοντάζ,2,2021-11-26 16:04:49.000
2542,Σκηνοθεσία – Επιμέλεια μετάφρασης,2,2021-11-26 16:05:52.000
2543,Σχεδιασμός αφίσας/προγράμματος,2,2021-11-26 16:05:57.000
2544,Σκηνοθεσία - Φωτισμοί,2,2021-11-26 16:06:59.000
2545,Πρωτότυπη μεταφορά-διασκευή του μυθιστορήματος της Virginia Wolf στη θεατρική σκηνή,2,2021-11-26 16:07:30.000
2546,Δραματουργική διασκευή / θεατροφίλμ/ σκηνοθεσία,2,2021-11-26 16:07:53.000
2547,Σενάριο- Σκηνοθεσία,2,2021-11-26 16:10:16.000
2548,Γραφικά-τίτλοι,2,2021-11-26 16:10:22.000
2549,Styling,2,2021-11-26 16:10:23.000
2550,Κείμενο-Στίχοι τραγουδιών,2,2021-11-26 16:12:42.000
2551,Κουστούμια-Σκηνικά,2,2021-11-26 16:12:45.000
2552,Τα τραγούδια της παράστασης είναι ηχογραφημένα και κυκλοφορούν από την FM Records. Ερμηνεύουν οι τραγουδιστές,2,2021-11-26 16:12:48.000
2553,Δραματουργική επεξεργασία - Θεατρική διασκευή - Σκηνοθεσία,2,2021-11-26 16:15:11.000
2554,Πρωτότυπη μουσική / Τραγούδια έναρξης και τέλους (στίχοι-μουσική),2,2021-11-26 16:15:12.000
2555,Παραδοσιακά τραγούδια ερμηνεία,2,2021-11-26 16:15:13.000
2556,Βοηθοί Φωτιστή,2,2021-11-26 16:15:17.000
2557,Κινηματογραφιστής - μοντέρ / trailer παράστασης,2,2021-11-26 16:15:21.000
2558,Τεχνικος Ήχου & Φώτων - Φωτογραφίες παράστασης,2,2021-11-26 16:15:23.000
2559,Επικοινωνία - Προώθηση παράστασης,2,2021-11-26 16:15:25.000
2560,Σκηνοθεσία – διασκευή - Ερμηνεία,2,2021-11-26 16:16:45.000
2561,Σκηνικά - Σχεδιασμός Φωτισμών,2,2021-11-26 16:16:53.000
2562,Οργάνωση και Εκτέλεση Παραγωγής,2,2021-11-26 16:16:55.000
2563,Μετάφραση μυθιστορήματος Λάθος Χώρα,2,2021-11-26 16:19:36.000
2564,Διασκευή – Κείμενο παράστασης,2,2021-11-26 16:19:37.000
2565,Video design & editing,2,2021-11-26 16:19:42.000
2566,Θεατρική προσαρμογή,2,2021-11-26 16:20:45.000
2567,Πρωτότυπη μουσική/σύνθεση/ενορχήστρωση,2,2021-11-26 16:20:47.000
2568,Κίνηση/χορογραφίες,2,2023-09-25 13:21:50.000
2569,Teaser παράστασης,2,2021-11-26 16:20:52.000
2570,Επιμέλεια προγράμματος/βιβλίου,2,2021-11-26 16:20:54.000
2571,FB page,2,2023-09-25 13:21:50.000
2572,Instagram,2,2023-09-25 13:21:50.000
2573,Email,2,2021-11-26 16:21:00.000
2574,teaser youtube,2,2021-11-26 16:21:01.000
2575,Καλλιτεχνική σύμβουλος,2,2021-11-26 16:21:46.000
2576,Δ/νση φωτογραφίας trailer,2,2021-11-26 16:21:52.000
2577,"Make-up, hair",2,2021-11-26 16:21:53.000
2578,Νομικός σύμβουλος,2,2021-11-26 16:21:55.000
2579,Μετάφραση & Θεατρική Απόδοση,2,2021-11-26 16:22:45.000
2580,Σκηνογράφος/Ενδυματολόγος,2,2023-09-25 13:21:50.000
2581,Σκηνοθεσία - Δραματουργική επεξεργασία,2,2021-11-26 16:26:56.000
2582,Ερμηνεύουν (αλφαβητικά),2,2021-11-26 16:26:59.000
2583,Σύλληψη - σκηνοθεσία,2,2021-11-26 16:28:09.000
2584,"Pfotography, videography, graphic design",2,2021-11-26 16:28:16.000
2585,"Διεύθυνση παραγωγής, επικοινωνία",2,2021-11-26 16:28:17.000
2586,Σκηνικά – Επιμέλεια κοστουμιών,2,2021-11-26 16:28:37.000
2587,Κείμενο/Σκηνοθεσία,2,2021-11-26 16:28:57.000
2588,Φωτογραφίες/Trailer,2,2021-11-26 16:29:05.000
2589,Παραγωγός,2,2021-11-26 16:29:06.000
2590,Σκηνικά – Κοστούμια,2,2021-11-26 16:29:32.000
2591,Μουσική Επιμέλεια,2,2021-11-26 16:29:33.000
2592,Φωτογραφίες,2,2021-11-26 16:29:35.000
2593,Παίζουν,2,2021-11-26 16:29:37.000
2594,Σκηνοθεσία – ερμηνεία,2,2021-11-26 16:30:17.000
2595,Συμπαραγωγή,2,2021-11-26 16:30:22.000
2596,Σύλληψη / Σκηνοθεσία,2,2021-11-27 09:37:54.000
2597,Β ́ Βοηθός Σκηνοθέτη,2,2021-11-27 09:37:58.000
2598,Επιλογή Δραματολογίου–Μετάφραση,2,2021-11-27 10:00:57.000
2599,Βοηθός Σκηνοθέτη – Κινησιολόγος,2,2021-11-27 10:00:59.000
2600,"Δραματουργική επεξεργασία-Κείμενο, Σκηνοθεσία",2,2023-09-25 13:21:50.000
2601,"Σκηνογράφος , Ενδυματολόγος",2,2023-09-25 13:21:50.000
2602,Λυρικοί τραγουδιστές - μουσικοί,2,2021-11-27 10:07:01.000
2603,Ερμηνευτές του θεάτρου σκιών,2,2021-11-27 10:07:05.000
2604,Επεξεργασία βίντεο,2,2021-11-27 10:07:09.000
2605,Ταυτότητα παράστασης,2,2021-11-27 10:09:00.000
2606,Απόδοση – Σκηνοθεσία – Δραματουργική επεξεργασία,2,2021-11-27 10:09:01.000
2607,Ενδυματολογία – Κατασκευή κοστουμιών,2,2021-11-27 10:09:02.000
2608,Κατασκευή σταυρών,2,2021-11-27 10:09:03.000
2609,Eπιμέλεια Κίνησης,2,2021-11-27 10:09:06.000
2610,Φωτογραφία – Promo Video,2,2021-11-27 10:09:08.000
2611,Εκτέλεση μακιγιάζ,2,2021-11-27 10:09:11.000
2612,Εμψύχωση,2,2023-09-25 13:21:50.000
2613,Διασκευή/ Σκηνοθεσία,2,2021-11-27 10:10:22.000
2614,Δραματουργική & μουσική επιμέλεια,2,2021-11-27 10:10:24.000
2615,Πρωτότυπη μουσική/ Ενορχηστρώσεις,2,2021-11-27 10:10:25.000
2616,Χειριστής κονσόλας φωτισμού/ Ηχοληψία,2,2021-11-27 10:10:32.000
2617,Οργάνωση & εκτέλεση παραγωγής,2,2021-11-27 10:10:34.000
2618,Κείμενο/ Σκηνοθεσία/Ερμηνεία,2,2021-11-27 10:11:13.000
2619,Εκτέλεση μουσικής,2,2021-11-27 10:13:43.000
2620,Μουσική – Ηχητικά Τοπία,2,2021-11-27 10:14:12.000
2621,Επιστημονική Συνεργάτης,2,2021-11-27 10:14:13.000
2622,Θεατρολόγος - Βοηθός Σκηνοθέτη,2,2021-11-27 10:14:15.000
2623,Σύλληψη/Ιδέα,2,2021-11-27 10:14:40.000
2624,Σκηνοθεσία-Δραματουργία-Κίνηση,2,2021-11-27 10:15:08.000
2625,"Σκηνικά, Κοστούμια, Props",2,2021-11-27 10:15:08.000
2626,Μουσική σύνθεση-Σχεδιασμός ήχου,2,2021-11-27 10:15:10.000
2627,Βοηθός δραματουργίας-σκηνοθέτιδος,2,2021-11-27 10:15:12.000
2628,Επιμέλεια κούκλας,2,2021-11-27 10:15:13.000
2629,Υπεύθυνη Γραφείου Τύπου & Επικοινωνίας,2,2021-11-27 10:15:15.000
2630,Σύλληψη - Δραματουργία - Σκηνοθεσία,2,2021-11-27 10:16:05.000
2631,Φωτογραφίες- Βίντεο,2,2021-11-27 10:16:12.000
2632,Σκηνοθεσία-Δραματουργική επεξεργασία,2,2021-11-27 10:18:44.000
2633,Συγγραφή και επιμέλεια κειμένων,2,2021-11-27 10:19:31.000
2634,Μουσική σύνθεση/επιμέλεια,2,2023-09-25 13:21:50.000
2635,Φιλική Συμμετοχή,2,2021-11-27 10:20:28.000
2636,Υπεύθυνη Δημοσίων Σχέσεων & Social Media Manager,2,2021-11-27 10:20:30.000
2637,Συγγραφή,2,2021-11-27 10:21:08.000
2638,Τραγούδι παράστασης​,2,2023-09-25 13:21:50.000
2639,Ήχος-Φωτισμός,2,2021-11-27 10:21:12.000
2640,Φωτογραφίες-Video,2,2023-09-25 13:21:50.000
2641,Γενική Επιμέλεια,2,2021-11-27 10:21:15.000
2642,Απόδοση - Διασκευή,2,2021-11-27 10:21:40.000
2643,Trailer παράστασης,2,2021-12-28 15:35:35.000
2644,Περισσότερες πληροφορίες,2,2021-12-28 15:41:15.000
2645,Απόδοση-σκηνοθεσία,2,2021-12-28 15:49:35.000
2646,Extra Παραστάσεις,2,2021-12-28 15:51:46.000
2647,Σκηνογραφική εκτέλεση,2,2021-12-28 15:56:30.000
2648,Αυθεντική Μουσική,2,2021-12-28 15:58:10.000
2649,Σχεδιασμός Σκηνικών,2,2021-12-28 15:58:11.000
2650,Κατασκευή Κοστούμια Μασκότ,2,2021-12-28 15:58:12.000
2651,Puppets,2,2021-12-28 15:58:13.000
2652,Σχεδιασμός Video,2,2021-12-28 15:58:16.000
2653,Ηχοληψία - Videowall,2,2021-12-28 15:58:17.000
2654,Διεύθυνση Παραγωγής και Ήχος,2,2021-12-28 16:02:17.000
2655,Αφίσα- Πρόγραμμα,2,2021-12-28 16:02:20.000
2656,Βοηθός Χορογραφιών,2,2021-12-28 16:03:11.000
2657,Σκηνογραφία / Props,2,2021-12-28 16:03:12.000
2658,Σχέδια κοστουμιών / Ενδυματολογία,2,2021-12-28 16:03:13.000
2659,Φωτό/Video/Γραφικά,2,2021-12-28 16:03:16.000
2660,Καλικάντζαρος,2,2021-12-28 16:03:19.000
2661,Άγγελος Ιεζεκιήλ,2,2021-12-28 16:03:20.000
2662,Μάγος / Ταχυδακτυλουργικά / Bubble Show,2,2021-12-28 16:03:21.000
2663,Φωνή του Θεού,2,2021-12-28 16:03:22.000
2664,Σκηνοθεσία/ Σκηνικά- Κοστούμια,2,2021-12-28 16:03:34.000
2665,Βοηθός σκηνοθέτη/Επιμέλεια κίνησης,2,2021-12-28 16:03:38.000
2666,Συμμετέχουν,2,2021-12-28 16:10:08.000
2667,Διεύθυνση κι Οργάνωση Παραγωγής,2,2021-12-28 16:10:12.000
2668,Διασκευή - Σκηνοθεσία,2,2021-12-28 16:17:26.000
2669,Μετάφραση αρχικού κειμένου,2,2021-12-28 16:17:28.000
2670,Ενορχήστρωση - Μεταγραφές - Μουσική Επιμέλεια,2,2021-12-28 16:17:33.000
2671,Διασκευή για το θέατρο,2,2021-12-28 16:19:08.000
2672,Magic Show,2,2021-12-28 16:19:11.000
2673,Χορογραφία,2,2021-12-28 16:21:21.000
2674,Βοηθοί ενδυματολόγου,2,2021-12-28 16:21:33.000
2675,Σχεδιασμός αφίσας - προγράμματος,2,2021-12-28 16:21:36.000
2676,Οργάνωση - εκτέλεση παραγωγής,2,2021-12-28 16:21:38.000
2677,Χειριστής ήχου - φώτων,2,2021-12-28 16:21:40.000
2678,Μουσικός,2,2021-12-28 16:26:53.000
2679,Video - Trailer,2,2021-12-28 16:27:30.000
2680,Πρωταγωνιστούν και τραγουδούν ζωντανά,2,2023-09-25 13:21:50.000
2681,Καλλιτεχνική Διεύθυνση,2,2023-09-25 13:21:50.000
2682,Διασκευή-Σκηνοθεσία-Στίχοι τραγουδιών,2,2021-12-28 16:30:48.000
2683,Χορογραφία- Κινησιολογία,2,2021-12-28 16:30:51.000
2684,Επιμέλεια βίντεο,2,2021-12-28 16:30:53.000
2685,Σκηνοθεσία – Δραματουργία – Σκηνική εγκατάσταση,2,2021-12-28 16:34:09.000
2686,Δραματουργία|Σκηνοθεσία,2,2021-12-28 16:34:49.000
2687,Σκηνικά|Κοστούμια,2,2021-12-28 16:34:51.000
2688,Μουσική|Video|Φωτογραφίες,2,2021-12-28 16:34:52.000
2689,Επικοινωνία & Προβολή,2,2021-12-28 16:34:55.000
2690,"Δραματουργική επεξεργασία, προσαρμογή κειμένου για δύο ηθοποιούς",2,2021-12-28 16:38:57.000
2691,Ψιμυθίωση,2,2021-12-28 16:38:59.000
2692,"Φωτογραφίες, βίντεο, αφίσα",2,2021-12-28 16:39:00.000
2693,Απόδοση – Δραματουργική επεξεργασία,2,2021-12-28 16:41:28.000
2694,Διασκευή-Δραματουργία,2,2021-12-28 16:41:53.000
2695,Μουσικό θέμα έναρξης (διασκευή),2,2021-12-28 16:41:58.000
2696,Μακιγιάζ-Σχεδιασμός χτενισμάτων,2,2021-12-28 16:42:01.000
2697,Ηχολήπτης,2,2021-12-28 16:42:04.000
2698,Υπεύθυνη επικοινωνίας Cartel Τεχνοχώρος,2,2021-12-28 16:42:06.000
2699,Σκηνοθεσία-Δραματουργία,2,2022-01-02 10:48:46.000
2700,Κίνηση-Χορογραφία ινδικού χορού Bharat Natyam,2,2022-01-02 10:54:23.000
2701,Φωτογραφίες promo-Βίντεο,2,2022-01-02 10:54:27.000
2702,Ερμηνεύουν (κατά αλφαβητική σειρά),2,2022-01-02 10:54:30.000
2703,Επικοινωνία-Προβολή στα ΜΜΕ,2,2022-01-02 11:03:02.000
2704,Φένια Παπαδόδημα,2,2022-01-02 11:04:38.000
2705,Γιώργος Κόρδης,2,2022-01-02 11:04:39.000
2706,Γωγώ Ξαγαρά,2,2022-01-02 11:04:40.000
2707,Ήβη Παπαθανασίου,2,2023-09-25 13:21:50.000
2708,Γιώργος Παλαμιώτης,2,2022-01-02 11:04:43.000
2709,Σοφήλια Τσορτέκη,2,2023-09-25 13:21:50.000
2710,Απόστολος Τσατσάκος,2,2022-01-02 11:04:49.000
2711,Παύλος Κοσμίδης,2,2022-01-02 11:04:50.000
2712,Χρύσα Ματσαγκάνη,2,2022-01-02 11:04:51.000
2713,Σκηνικά - Καλλιτεχνική Δ/νση,2,2022-01-02 11:07:50.000
2714,​Ηθοποιοί,2,2022-01-02 11:14:59.000
2715,Μουσικοί Αυτοσχεδιασμοί,2,2022-01-02 11:17:12.000
2716,Σχεδιασμός Φωτισμών & ειδικές κατασκευές/σκηνικά,2,2022-01-02 11:18:08.000
2717,Χειρισμός ήχου & φωτισμών,2,2022-01-02 11:18:10.000
2718,"Διασκευή, επεξεργασία & σύνθεση κειμένων",2,2022-01-02 11:18:49.000
2719,Μουσικός συνθέτης,2,2022-01-02 11:18:51.000
2720,Σκηνογράφος / Ενδυματολόγος,2,2022-01-02 11:18:52.000
2721,Σχεδιάστρια Φωτισμών,2,2022-01-02 11:18:53.000
2722,Ερευνητές (“Κάτω από Καθαρό Ουρανό”) – οργάνωση ομιλιών,2,2022-01-02 11:18:56.000
2723,Σκηνοθεσία -χορογραφία,2,2022-01-02 11:20:35.000
2724,Συνεργάτης σκηνοθέτη,2,2022-01-02 11:20:36.000
2725,Διασκευή Κειμένου – Σκηνοθεσία,2,2022-01-02 11:30:06.000
2726,Acting Coach,2,2022-01-02 11:30:08.000
2727,Πρωτότυπη Μουσική και Μεταγραφές,2,2022-01-02 11:30:09.000
2728,Κατασκευή Ρολογιού και Μασκών,2,2022-01-02 11:30:11.000
2729,Χειρισμός Ήχου,2,2022-01-02 11:30:13.000
2730,Σχεδιασμός Αφίσας & 2D Animation,2,2022-01-02 11:30:15.000
2731,Afisa/Προωθητικό υλικό,2,2022-01-02 11:31:40.000
2732,Μοδίστρα,2,2022-01-02 11:31:42.000
2733,Υπεύθυνη προβολής,2,2022-01-02 11:31:42.000
2734,Εισιτήριο,2,2022-01-02 11:31:45.000
2735,Μουσική-Στίχοι-Χορογραφίες,2,2023-09-25 13:21:50.000
2736,Σύλληψη/Σκηνοθεσία/Χορογραφίες,2,2022-01-02 11:33:27.000
2737,Οργάνωση/Εκτέλεση παραγωγής,2,2023-09-25 13:21:50.000
2738,Κατασκευή κοστουμιών,2,2023-09-25 13:21:50.000
2739,Eπι σκηνής,2,2022-01-02 11:33:31.000
2740,"Σκηνοθεσία, σκηνικά και επιμέλεια μουσικής",2,2022-01-02 11:35:42.000
2741,Βίντεο - φωτογραφίες - artwork,2,2022-01-19 19:01:30.000
2742,Ιδέα-Διασκευή-Σκηνοθεσία,2,2022-01-19 19:05:23.000
2743,Μουσικός επί σκηνής (πιάνο),2,2022-01-19 19:11:12.000
2744,Διασκευή κειμένου,2,2022-01-19 19:19:55.000
2745,Κονσόλα φώτων - ήχου,2,2022-01-19 19:19:59.000
2746,Τεχνικός σκηνής,2,2022-01-19 19:20:01.000
2747,Δημιουργικός σχεδιασμός,2,2022-01-19 19:20:02.000
2748,Κείμενο - Επεξεργασία,2,2022-01-19 19:42:04.000
2749,Φώτα – Ήχος - Βίντεο,2,2022-01-19 19:42:08.000
2750,Γιώργος Παπαστυλιανού,2,2023-09-25 13:21:50.000
2751,Μουσική Επιμέλεια – Ενορχήστρωση,2,2022-01-19 19:47:11.000
2752,Παραγωγή 2022,2,2022-01-19 19:47:15.000
2753,Πρωταγωνιστούν(αλφαβητικά),2,2022-01-19 19:47:41.000
2754,Σκηνοθεσία - Απόδοση,2,2022-01-19 19:51:43.000
2755,Φωτογραφίες / Trailer - Art work,2,2022-01-19 19:51:47.000
2756,Κινησιογραφία,2,2022-01-19 19:53:18.000
2757,Σχεδιασμός/χειρισμός Φωτισμού,2,2022-01-19 19:53:19.000
2758,Σχεδιασμός φωτισμών – οπτικών & ηχητικών εγκαταστάσεων,2,2022-01-19 19:58:34.000
2759,Σχεδιασμός φωτισμών – Βοηθός σκηνοθέτη,2,2022-01-19 19:58:36.000
2760,δΣυγγραφέας,2,2023-09-25 13:21:50.000
2761,Σκηνικό/κουστούμια/ Φωτογραφίες,2,2022-01-19 20:14:07.000
2762,Ηχητικό περιβάλλον,2,2022-01-19 20:14:08.000
2763,Ηχητικός σχεδιασμός,2,2022-01-19 20:14:56.000
2764,Σχεδιάστρια φωτισμού,2,2022-01-19 20:14:57.000
2765,Σχεδιασμός αφίσας – Γραφιστικά,2,2022-01-19 20:18:59.000
2766,Σκηνική/κινησιολογική σύλληψη – Σκηνοθεσία,2,2022-01-19 20:19:34.000
2767,Σκηνοθεσία-Σκηνογραφία-Φωτισμοί,2,2022-01-19 20:20:12.000
2768,Βοηθός σκηνοθέτης – Φωτογραφίες & trailer – Γραφιστικά,2,2022-01-19 20:20:39.000
2769,"Video, sound & light design",2,2022-01-19 20:21:01.000
2770,Σκηνογραφία - Ενδηματολογία,2,2022-01-19 20:21:02.000
2771,Σκηνοθεσία - Μετάφραση,2,2022-02-19 08:57:44.000
2772,Βοηθοί σκηνογράφου,2,2022-02-19 08:57:49.000
2773,Σκηνοθεσία Δραματουργική Επεξεργασία,2,2022-02-19 09:05:56.000
2774,ΣΚΗΝΙΚΑ- ΣΚΗΝΟΓΡΑΦΙΑ,2,2022-02-19 09:18:43.000
2775,ΜΟΥΣΙΚΗ ΕΠΙΛΟΓΗ,2,2022-02-19 09:18:45.000
2776,Κουστούμια - Φροντιστήριο,2,2022-02-19 09:22:40.000
2777,Φωτογραφίες- Βιντεοσκόπηση,2,2022-02-19 09:22:44.000
2778,Studio,2,2022-02-19 09:22:46.000
2779,Κατασκευή κουστουμιών,2,2022-02-19 09:22:48.000
2780,Επιμέλεια προγράμματος - Φωτογραφίες,2,2022-02-19 09:22:49.000
2781,Γραφικά,2,2022-02-19 09:22:50.000
2782,Εκτυπώσεις,2,2022-02-19 09:22:51.000
2783,Σκηνοθεσία - Σκηνική εγκατάσταση – Δραματουργική επεξεργασία,2,2022-02-19 09:26:05.000
2784,Χειριστής φώτων- ήχου,2,2022-02-19 09:26:10.000
2785,"Φωτογραφίες, Video",2,2022-02-19 09:27:37.000
2786,Δημιουργία μικρών γλυπτών,2,2022-02-19 09:28:42.000
2787,Video art/φωτισμοί,2,2022-02-19 09:28:43.000
2788,Σκηνική εγκατάσταση,2,2022-02-19 09:28:44.000
2789,Τεχνικός σύμβουλος,2,2022-02-19 09:28:47.000
2790,Guest Star,2,2022-02-19 09:32:48.000
2791,Μουσική επιμέλεια / Τραγούδι,2,2023-09-25 13:21:50.000
2792,Eπιμέλεια / Οργάνωση Παραγωγής,2,2022-02-19 09:35:12.000
2793,Υπεύθυνη Επικοινωνίας,2,2023-09-25 13:21:50.000
2794,Βοηθ. Σκηνοθέτη,2,2022-02-19 09:40:17.000
2795,Σκηνική επιμέλεια – Φωτισμοί,2,2022-02-19 09:40:19.000
2796,Διασκευή και προσαρμογή κειμένου,2,2022-02-19 09:40:20.000
2797,Κίνηση-Χορογραφία,2,2022-02-19 09:41:10.000
2798,Σχεδιασμός δημιουργικού,2,2022-02-19 09:41:15.000
2799,Σκηνοθεσία- Φωτισμοί,2,2022-02-19 09:42:54.000
2800,Σκηνικός χώρος- Κοστούμι,2,2022-02-19 09:42:55.000
2801,Video design - Φωτισμοί,2,2022-02-19 09:48:01.000
2802,Video game designer,2,2022-02-19 09:48:02.000
2803,Επιμέλεια Ρωσικών (τραγούδι),2,2022-02-19 09:48:04.000
2804,Σύλληψη-Σκηνοθεσία,2,2022-02-19 09:48:26.000
2805,Επιμέλεια σκηνικών,2,2022-02-19 09:48:31.000
2806,Φιλολογική επεξεργασία,2,2022-02-19 10:05:26.000
2807,Επιμέλεια κίνησης-Χορογραφίες,2,2022-02-19 10:05:28.000
2808,Επιμέλεια Φωτισμών,2,2022-02-19 10:05:29.000
2809,Προβολή και επικοινωνία,2,2022-02-19 10:05:33.000
2810,Στον ρόλο της Φ.,2,2022-02-19 10:06:14.000
2811,Μουσική (live),2,2022-02-19 10:06:16.000
2812,Μουσική επιμέλεια-ηχητικός σχεδιασμός,2,2022-02-19 10:06:17.000
2813,Σκηνογραφική-ενδυματολογική επιμέλεια/Φωτισμοί,2,2022-02-19 10:06:18.000
2814,Αφίσα/Πρόγραμμα,2,2022-02-19 10:06:19.000
2815,Kείμενο / Σκηνοθεσία,2,2022-02-19 10:06:37.000
2816,Κίνηση-Χορογραφίες,2,2022-02-19 10:06:38.000
2817,Μουσική παραγωγή/σύνθεση/sound design,2,2022-02-19 10:06:40.000
2818,Φωτογραφίες- σχεδιασμός αφίσας,2,2022-02-19 10:06:41.000
2819,Σχεδιασμός αφίσας promo,2,2022-02-19 10:06:42.000
2820,Επεξεργασία κειμένου – ερμηνεία,2,2022-02-19 10:12:08.000
2821,"Σκηνογραφία, video art, Εικαστική επιμέλεια",2,2022-02-19 10:12:34.000
2822,Ερμηνεύουν οι,2,2022-02-19 10:12:36.000
2823,Raining Cats And Bats,2,2022-02-19 10:17:14.000
2824,Β. Σκηνοθέτη,2,2022-02-19 10:20:04.000
2825,Επικοινωνία & Δημόσιες Σχέσεις - Διοργάνωση Εκδηλώσεων,2,2022-02-19 10:20:05.000
2826,Video promo,2,2022-02-19 10:20:32.000
2827,"Σκηνοθεσία, σκηνογραφία, κατασκευές",2,2022-02-19 10:20:47.000
2828,Χειρισμός φώτων,2,2022-02-19 10:20:49.000
2829,"Φωτισμοί, Ήχος",2,2022-02-19 10:22:14.000
2830,Κατασκευή κοστουμιού,2,2022-02-19 10:30:36.000
2831,Κατασκευές σκηνικού,2,2022-02-19 10:30:58.000
2832,Ερμηνεία-Σκηνοθεσία,2,2022-02-19 10:32:56.000
2833,Φωτογραφίες-βίντεο παράστασης,2,2022-02-19 10:32:57.000
2834,Τηλ. κρατήσεων,2,2022-02-19 10:33:00.000
2835,Κείμενο – σκηνοθεσία – ερμηνεία,2,2023-09-25 13:21:50.000
2836,Special Guest,2,2022-02-19 10:35:10.000
2837,Φωτογραφίες - trailer,2,2022-02-19 10:35:38.000
2838,Σενάριο/Σκηνοθεσία/Κούκλες/Φώτα/Μουσική Επιμέλεια,2,2022-02-19 10:36:22.000
2839,Θεατρικά Κουστούμια,2,2022-02-19 10:36:24.000
2840,Φωτογραφίες /Βίντεο,2,2022-02-19 10:36:28.000
2841,Βοηθός Σκηνοθέτη - Ζωντανή μουσική,2,2023-09-25 13:21:50.000
2842,Εικαστικό περιβάλλον και Κουστούμια,2,2022-02-19 10:37:09.000
2843,Ημερομηνίες Παραστάσεων,2,2022-02-19 10:37:59.000
2844,κείμενο A μέρους,2,2022-02-19 10:38:18.000
2845,Μετάφραση (από το αγγλικό κείμενο του William Archer),2,2022-02-19 10:38:41.000
2846,Καλλιτεχνική Επιμέλεια - Σκηνικά,2,2022-02-19 10:38:48.000
2847,Σκηνοθεσία & Διασκευή κειμένου,2,2022-02-19 10:39:13.000
2848,Φωτογραφίες/Video trailer,2,2022-02-19 10:39:16.000
2849,Μουσική trailer,2,2022-02-19 10:39:19.000
2850,Κείμενο-ερμηνεία-σκηνοθεσία,2,2022-02-19 10:39:52.000
2851,Co-Director,2,2022-02-19 10:39:53.000
2852,Εικαστική επιμέλεια,2,2023-09-25 13:21:50.000
2853,Creative Agency,2,2023-09-25 13:21:50.000
2854,Παραγωγή,2,2023-09-25 13:21:50.000
2855,Επικοινωνία / Δημόσιες σχέσεις,2,2023-09-25 13:21:50.000
2856,Ενδυματολογική επιμέλεια – Επιμέλεια σκηνικού χώρου,2,2022-02-19 10:41:58.000
2857,"Φωτογραφίες, Artwork",2,2022-02-19 10:43:26.000
2858,Δ/vση φωτογραφίας trailer,2,2022-02-19 10:43:27.000
2859,Στίχοι,2,2023-09-25 13:21:50.000
2860,Ενορχήστρωση,2,2023-09-25 13:21:50.000
2861,‘Επαιξαν οι μουσικοί,2,2023-09-25 13:21:50.000
2862,Στάθης Σκουρόπουλος,2,2023-09-25 13:21:50.000
2863,Μιχάλης Διακογιώργης,2,2023-09-25 13:21:50.000
2864,Ευανθία Ρεμπούτσικα,2,2023-09-25 13:21:50.000
2865,Ηχογράφηση,2,2023-09-25 13:21:50.000
2866,Video design-Φωτισμοί-Φωτογραφίες,2,2022-03-27 16:15:11.000
2867,Μουσική – Ηχητικό περιβάλλον,2,2022-03-27 16:15:12.000
2868,Βοηθός σκηνοθέτη – εκτέλεση παραγωγής,2,2022-03-27 16:15:13.000
2869,Promo video & φωτογραφίες,2,2022-03-27 16:19:41.000
2870,Σκηνοθεσια- ερμηνεία- στίχοι τραγουδιών,2,2022-03-27 16:22:19.000
2871,Σύνθεση και εκτέλεση μουσικής,2,2022-03-27 16:22:19.000
2872,Απόδοση Κειμένου,2,2022-03-27 16:22:45.000
2873,Α΄ Βοηθός Σκηνοθέτη,2,2022-03-27 16:22:50.000
2874,Β΄ Βοηθός Σκηνοθέτη,2,2022-03-27 16:22:51.000
2875,Σκηνοθεσία- Απόδοση Κειμένου,2,2022-03-27 16:25:37.000
2876,Πρωτότυπη μουσική και στίχοι,2,2022-03-27 16:25:38.000
2877,Πρωτότυπο κείμενο,2,2022-03-27 16:32:41.000
2878,Επικοινωνία-δημόσιες σχέσεις,2,2022-03-27 16:32:47.000
2879,Σκηνοθεσία - Σκηνικός Χώρος - Κοστούμια,2,2022-03-27 16:33:20.000
2880,Live video,2,2022-03-27 16:33:23.000
2881,Teaser video,2,2022-03-27 16:37:05.000
2882,Δημιουργία Κοστουμιών,2,2022-03-27 16:38:02.000
2883,Σχεδιασμός Εντύπων,2,2022-03-27 16:38:03.000
2884,Φωνητικό Σπότ,2,2022-03-27 16:38:07.000
2885,Σκηνοθεσία & Διασκευή,2,2022-03-27 16:39:09.000
2886,Δραματουργική Επεξεργασία & Διασκευή,2,2022-03-27 16:39:10.000
2887,Μτφρ πρωτότυπου κειμένου,2,2022-03-27 16:39:11.000
2888,"Εικαστική εγκατάσταση, Κοστούμια",2,2022-03-27 16:39:30.000
2889,"Μουσική, Φωτογραφίες & trailer",2,2022-03-27 16:39:31.000
2890,Επικοινωνία και Προβολή,2,2022-03-27 16:39:33.000
2891,Visuals / Σχεδιασμός ήχων,2,2023-09-25 13:21:50.000
2892,Φωτιστικός Σχεδιασμός,2,2022-03-27 16:42:16.000
2893,Φωτογραφίες/Trailer/Art-work,2,2022-03-27 16:42:17.000
2894,Καλλιτεχνική Συνεργάτις,2,2022-03-27 16:42:19.000
2895,Φωτογραφία banner viva,2,2022-03-27 16:44:40.000
2896,Φωτογραφίες media,2,2022-03-27 16:44:41.000
2897,Συγγραφέας - Σκηνοθεσία,2,2022-03-27 16:45:22.000
2898,Σκηνικό / Κοστούμι,2,2022-03-27 16:45:22.000
2899,Trailer / Κινηματογράφηση,2,2022-03-27 16:45:26.000
2900,Πρόγραμμα παράστασης,2,2022-03-27 16:45:26.000
2901,Επικοινωνία / Προώθηση παράστασης,2,2022-03-27 16:45:28.000
2902,Βοηθός Φωτογράφου,2,2022-03-27 16:52:04.000
2903,Σύλληψη – Ερμηνεία,2,2022-03-27 16:52:25.000
2904,Σχεδιασμός προγράμματος – Σκίτσα,2,2022-03-27 16:52:32.000
2905,Σκηνογραφία – Κοστούμια,2,2022-03-27 16:53:19.000
2906,Πρωτότυπη μουσική και ηχητικός σχεδιασμός,2,2022-03-27 16:53:20.000
2907,Ήχος – Φώτα – Live εικόνα,2,2022-03-27 16:53:23.000
2908,Επεξεργασία live εικόνας,2,2022-03-27 16:53:27.000
2909,Αφίσα – Πρόγραμμα,2,2022-03-27 16:53:28.000
2910,Κείμενο – Στίχοι,2,2022-03-27 16:53:47.000
2911,Ήχος – Φώτα,2,2022-03-27 16:53:52.000
2912,Σκηνοθεσία - Επεξεργασία κειμένου,2,2022-03-27 16:54:18.000
2913,Ζωντανή μουσική επί σκηνής – Sound design,2,2022-03-27 16:54:21.000
2914,Artwork αφίσας,2,2022-03-27 16:54:23.000
2915,Κατασκευή αφίσας,2,2022-03-27 16:54:24.000
2916,Χορογραφίες Tango,2,2023-09-25 13:21:50.000
2917,Φωτογραφία – Αφίσα,2,2023-09-25 13:21:50.000
2918,Σύλληψη/Art Direction,2,2022-03-27 16:59:19.000
2919,Μετάφραση στα ελληνικά,2,2023-09-25 13:21:50.000
2920,Μετάφραση στα αγγλικά,2,2023-09-25 13:21:50.000
2921,Technical Director,2,2022-03-27 16:59:26.000
2922,Technical assistant,2,2022-03-27 16:59:27.000
2923,Ήχος/φώτα,2,2022-03-27 17:05:49.000
2924,Φωνή,2,2022-03-27 17:06:05.000
2925,Βιόλα,2,2022-03-27 17:06:06.000
2926,"Κιθάρα, λούπες",2,2022-03-27 17:06:07.000
2927,"Συνθέσεις, αυτοσχεδιασμοί",2,2022-03-27 17:06:08.000
2928,Συντονισμός-Δραματουργία,2,2022-03-27 17:06:10.000
2929,Σχεδιασμός εξωφύλλου και προγράμματος,2,2022-03-27 17:06:12.000
2930,Επιλογή Δραματολογίου - Μετάφραση,2,2022-03-27 17:06:38.000
2931,Voice Over trailer,2,2022-03-27 17:09:00.000
2932,Trailer-μοντάζ,2,2022-03-27 17:12:26.000
2933,Γραφίστας,2,2022-03-27 17:12:27.000
2934,"Σκηνοθεσία, δραματουργική επεξεργασία",2,2023-09-25 13:21:50.000
2935,Φωτογραφίες / Video,2,2022-03-27 17:15:26.000
2936,+ Guest,2,2022-03-27 17:16:09.000
2937,"Διδασκαλία Ερμηνείας, Δραματουργία–Σκηνοθεσία",2,2022-03-27 17:20:35.000
2938,Φωνή Ιερομόναχου,2,2022-03-27 17:20:36.000
2939,"Σχεδιασμός Ενδύματος, Μακέτες",2,2022-03-27 17:20:37.000
2940,Χειριστής Ήχου – Φώτων,2,2022-03-27 17:20:39.000
2941,Promo φωτογράφιση,2,2022-03-27 17:21:53.000
2942,Ενορχήστρωση-Μουσική επιμέλεια,2,2022-03-27 17:23:19.000
2943,Πληροφορίες,2,2022-03-27 17:23:28.000
2944,Αγιογραφίες,2,2022-03-27 17:33:29.000
2945,Σκηνοθεσία – Διασκευή/Δραματουργική επεξεργασία,2,2022-03-27 17:34:11.000
2946,Βοηθοί δραματουργίας,2,2022-03-27 17:34:12.000
2947,Πρωτότυπη σύνθεση/Μουσική επιμέλεια/Επιμέλεια video,2,2022-03-27 17:34:15.000
2948,Γλυπτική,2,2022-03-27 17:34:18.000
2949,Κατασκευή μακέτας,2,2022-03-27 17:34:20.000
2950,Σκηνοθεσία προσαρμογή,2,2023-09-25 13:21:50.000
2951,Κοστούμια σκηνικά,2,2022-03-27 17:34:55.000
2952,Φωτογραφίες/ Τρέιλερ,2,2022-03-27 17:35:15.000
2953,Φωτογράφιση- Επιμέλεια τρέιλερ- Αφίσα,2,2022-03-27 17:35:37.000
2954,"Μουσική επιμέλεια, επεξεργασία ήχου",2,2022-03-27 17:36:20.000
2955,"Φωτογραφίες, teaser",2,2022-03-27 17:36:22.000
2956,Χειρισμός κονσόλας,2,2022-03-27 17:36:25.000
2957,Σύλληψη / Ερμηνεία / Σκηνοθεσία,2,2022-03-27 17:37:09.000
2958,Κατασκευή αξεσουάρ,2,2022-03-27 17:37:17.000
2959,Διασκεύη-Απόδοση,2,2022-03-27 17:37:46.000
2960,Καλλιτεχνική σύλληψη video/φωτογραφίας,2,2022-03-27 17:37:52.000
2961,Επιμέλεια αφίσας,2,2022-03-27 17:39:08.000
2962,Σύλληψη ιδέας/σκηνοθεσία/κείμενο,2,2022-03-27 17:39:42.000
2963,Μουσική σύνθεση και επιμέλεια,2,2022-03-27 17:40:35.000
2964,Ηχοληψία και Programming,2,2022-03-27 17:40:36.000
2965,Φωτογραφία- Τρέιλερ,2,2022-03-27 17:40:57.000
2966,Κείμενο – Δραματουργική Επεξεργασία – Σκηνοθεσία,2,2022-03-27 17:41:19.000
2967,Επιμέλεια Σκηνοθεσίας - Κίνησης,2,2022-03-27 17:41:20.000
2968,Μουσικοί επί σκηνής,2,2022-04-15 15:46:51.000
2969,Κωστής Πυρένης,2,2022-04-15 15:49:37.000
2970,Βασίλης Δεφίγγος,2,2022-04-15 15:49:39.000
2971,Σάββας Ρακιντζάκης,2,2023-09-25 13:21:50.000
2972,Ρόλη Γιαμοπούλου,2,2022-04-15 15:49:42.000
2973,Βικτωρ Κουλουμπής,2,2022-04-15 15:49:43.000
2974,Στέφανος Κορκολής,2,2022-04-15 15:49:44.000
2975,Επικοινωνία/Δημόσιες σχέσεις,2,2022-04-15 15:49:49.000
2976,Εταιρία Παραγωγής,2,2022-04-15 15:49:50.000
2977,Live Djing,2,2022-04-15 15:50:43.000
2978,Μουσική – Ενορχήστρωση,2,2022-04-15 15:56:23.000
2979,Κείμενο - Στίχοι,2,2022-04-15 15:56:24.000
2980,Κείμενο Caroline Guiela Nguyen με ολόκληρη την καλλιτεχνική ομάδα • Σκηνοθεσία Caroline Guiela Nguyen • Συνεργαζόμενη καλλιτέχνιδα Claire Calvi • Σκην,2,2022-04-15 16:03:32.000
2981,Σκηνογραφική και Ενδυματολογική Επιμέλεια,2,2022-04-15 16:46:00.000
2982,Ζωγραφική εκτέλεση σκηνικού,2,2022-04-15 16:57:44.000
2983,Σκηνογραφία-Ενδυματολογική επιμέλεια,2,2022-04-15 16:58:38.000
2984,Κείμενο – Μετάφραση,2,2022-04-15 17:06:11.000
2985,Επεξεργασία κειμένου,2,2022-04-15 17:06:12.000
2986,Σχεδιασμός παράστασης – Σκηνοθεσία – Ερμηνεία,2,2022-04-15 17:06:13.000
2987,Σκηνικό – Κοστούμι,2,2022-04-15 17:06:14.000
2988,Το κοστούμι είναι Sur Mesure by,2,2022-04-15 17:06:15.000
2989,Στίχοι τραγουδιού «Καλωσορίσατε»,2,2022-04-15 17:06:19.000
2990,Προβολή – Επικοινωνία,2,2022-04-15 17:06:22.000
2991,Κείμενο παράστασης – Δραματουργική επεξεργασία,2,2022-04-15 17:14:18.000
2992,Συνεργάτης σκηνοθέτης,2,2022-04-15 17:14:24.000
2993,Βοηθοί σκηνογράφοι,2,2022-04-15 17:14:25.000
2994,Συμμετέχουν οι ηθοποιοί,2,2022-04-15 17:14:29.000
2995,Σκηνικό περιβάλλον,2,2022-04-15 17:14:45.000
2996,"Teaser, trailer",2,2022-04-15 17:14:46.000
2997,Υπεύθυνοι επικοινωνίας,2,2022-04-15 17:14:47.000
2998,ΠΑΙΖΕΙ,2,2022-04-15 17:14:48.000
2999,Διασκευή/Σκηνοθεσία,2,2022-04-15 17:19:49.000
3000,CreativeAgency,2,2022-04-15 17:19:52.000
3001,Φωτιστής,2,2022-04-15 17:20:33.000
3002,Stylist /creative director,2,2023-09-25 13:21:50.000
3003,Moυσική επιμέλεια,2,2022-04-15 17:20:37.000
3004,Τεχνικός Υπεύθυνος,2,2022-04-15 17:26:04.000
3005,Σύνθεση & επεξεργασία κειμένου,2,2022-04-15 17:28:40.000
3006,Σκηνικά-φωτισμοί,2,2022-04-15 17:28:41.000
3007,Σύνθεση τραγουδιών,2,2022-04-15 17:28:42.000
3008,Συντονισμός παραγωγής,2,2022-04-15 17:28:44.000
3009,Video teaser,2,2022-04-15 17:28:45.000
3010,Μακιγιάζ φωτογράφισης,2,2022-04-15 17:28:46.000
3011,Μουσική-Ήχοι,2,2022-04-15 17:31:57.000
3012,"Η ομάδα TEASERS αποτελείται από τρεις ετερόκλητες προσωπικότητες με διαφορετικές αφετηρίες, που δραστηριοποιούνται στο χώρο της εκπαίδευσης και των τε",2,2022-04-15 17:35:39.000
3013,Συμμετέχουν οι μουσικοί,2,2022-04-25 15:10:29.000
3014,Α’ βοηθός σκηνοθέτη,2,2022-04-25 16:27:52.000
3015,SoundDesigner,2,2022-04-25 16:28:14.000
3016,Οργάνωσης Παραγωγής,2,2022-04-25 16:28:15.000
3017,Οπτική Ταυτότητα,2,2022-04-25 16:28:16.000
3018,Σκηνοθεσία-Διασκευή,2,2022-04-25 16:29:21.000
3019,Σύμβουλος δραματουργίας-Βοηθός σκηνοθέτη,2,2022-04-25 16:29:22.000
3020,Σκηνικός χώρος- Κοστούμια,2,2022-04-25 16:29:24.000
3021,Βοηθό Ενδυματολόγου/Σκηνογράφου,2,2022-04-25 16:29:25.000
3022,Φωτογραφίες-Βίντεο,2,2022-04-25 16:29:26.000
3023,Φωτογραφίες – Video,2,2022-04-25 16:29:46.000
3024,"Τεχνική υποστήριξη, κονσόλα",2,2022-04-25 16:34:42.000
3025,Δραματουργική μεταγραφή – Σκηνοθεσία,2,2022-04-25 16:41:54.000
3026,Οπτικοακουστικό περιβάλλον – Ψηφιακή επεξεργασία,2,2022-04-25 16:41:56.000
3027,Ραδιοφωνικό σποτ,2,2022-04-25 16:41:57.000
3028,Υπεύθυνη θεάτρου,2,2022-04-25 16:41:58.000
3029,Τεχνικός θεάτρου,2,2022-04-25 16:41:59.000
3030,Απόδοση και Σκηνοθεσία,2,2022-04-25 16:42:37.000
3031,Βοηθός σκηνοθέτη και Επιμέλεια σκηνικού,2,2022-04-25 16:42:37.000
3032,Φωτογραφίες πρόβας,2,2022-04-25 16:42:38.000
3033,Φωτογραφίες αφίσας,2,2022-04-25 16:42:39.000
3034,Κείμενο - Σκηνοθεσία,2,2023-09-25 13:21:50.000
3035,Μουσικός επί σκηνής (κρουστά),2,2022-04-25 16:52:56.000
3036,Σύνθεση ηλεκτρονικού ηχοτοπίου,2,2022-04-25 16:52:57.000
3037,Σκηνικά και κοστούμια,2,2022-04-25 16:52:58.000
3038,Φωτογραφίες και trailer,2,2022-04-25 16:52:59.000
3039,Μετάφραση-διασκευή,2,2022-04-25 16:57:48.000
3040,Κατασκευαστής σκηνικού,2,2022-04-25 16:57:49.000
3041,Καλλιτεχνικοί συνεργάτες/ερευνητές,2,2022-04-25 16:58:32.000
3042,Τrailer,2,2022-04-25 16:58:34.000
3043,Οργάνωση - εκτέλεση παραγωγής,2,2022-04-25 16:58:35.000
3044,"Σκηνοθεσία, Μουσική Επιμέλεια",2,2022-04-27 15:51:16.000
3045,Μουσική εγκατάσταση,2,2022-04-27 16:12:25.000
3046,Διοργάνωσης,2,2022-04-27 16:12:30.000
3047,Σχεδιασμός οπτικής επικοινωνίας,2,2022-04-27 16:22:35.000
3048,Οργάνωση παραγωγής,2,2023-09-25 13:21:50.000
3049,Πέμη Ζούνη,2,2023-09-25 13:21:50.000
3050,Ιάκωβος Κολανιάν,2,2023-09-25 13:21:50.000
3051,Σκηνοθεσία/Διασκευή,2,2022-04-27 16:26:40.000
3052,Σχεδιασμός φωτισμών/Φωτογραφία/Video art,2,2022-04-27 16:26:41.000
3053,Σκηνοθεσία – Δραματουργία,2,2022-04-27 16:27:01.000
3054,ΚΙΘΑΡΑ Α,2,2022-04-27 16:31:23.000
3055,ΚΙΘΑΡΑ Β,2,2022-04-27 16:31:24.000
3056,ΣΑΞΟΦΩΝΟ,2,2022-04-27 16:31:24.000
3057,ΦΛΑΟΥΤΟ,2,2022-04-27 16:31:25.000
3058,Μουσική διδασκαλία χορού- πρωτότυπη μουσική σύνθεση,2,2022-05-14 06:43:18.000
3059,Πρωτότυπη μουσική σύνθεση ηχοτοπίων,2,2022-05-14 06:43:19.000
3060,Ενορχήστρωση Τραγουδιών - Μουσική Διδασκαλία,2,2022-05-14 06:44:37.000
3061,Ειδική Κατασκευή Καθρέφτη,2,2022-05-14 06:44:41.000
3062,Παίζουν με σειρά εμφάνισης,2,2022-05-14 06:51:16.000
3063,Θεατρική Παραγωγή,2,2022-05-14 06:53:19.000
3064,Σύλληψη ιδέας - Καλλιτεχνική επιμέλεια,2,2022-05-14 06:54:15.000
3065,Σκηνοθεσία-Πρωτότυπη μουσική-Μουσική διδασκαλία,2,2022-05-14 06:54:18.000
3066,ΕΠΙΜΕΛΕΙΑ ΣΚΗΝΟΘΕΣΙΑΣ,2,2022-05-14 06:56:21.000
3067,ΕΠΙΜΕΛΕΙΑ ΗΧΟΥ/ΠΡΩΤΟΤΥΠΗ ΜΟΥΣΙΚΗ,2,2022-05-14 06:56:22.000
3068,ΣΧΕΔΙΑΣΜΟΣ ΕΝΤΥΠΟΥ ΥΛΙΚΟΥ,2,2022-05-14 06:56:24.000
3069,ΤΖΑΜΣ,2,2022-05-14 06:56:25.000
3070,ΓΚΡΙΤ,2,2022-05-14 06:56:25.000
3071,Πρωτότυπη ιδέα - Σκηνοθεσία,2,2022-05-14 06:57:38.000
3072,Κείμενο,2,2022-05-14 06:57:38.000
3073,Σκηνικά-Κοστούμια-Φωτισμός,2,2022-05-14 06:57:39.000
3074,Aφίσσα παράστασης,2,2022-05-14 06:57:41.000
3075,Trailer παράστασης,2,2022-05-14 06:57:41.000
3076,Παραγωγή,2,2022-05-14 06:57:42.000
3077,Σοφία,2,2022-05-14 06:58:23.000
3078,Μάριος,2,2022-05-14 06:58:24.000
3079,Σχεδιασμός Φωτισμού,2,2022-05-14 06:58:25.000
3080,Α’ Βοηθός Σκηνοθέτη,2,2022-05-14 06:58:26.000
3081,Τσέλο,2,2022-05-14 07:00:41.000
3082,Κουστούμι,2,2022-05-14 07:00:43.000
3083,Σκηνοθεσία,2,2023-09-25 13:21:50.000
3084,Σκηνικά-κοστούμια,2,2023-09-25 13:21:50.000
3085,Μουσική,2,2023-09-25 13:21:50.000
3086,Βοηθός Σκηνοθέτη,2,2023-09-25 13:21:50.000
3087,Σκηνοθεσία-Διασκευή Κειμένου,2,2022-05-14 07:01:07.000
3088,Σκηνογραφία/Κοστούμια,2,2022-05-14 07:04:52.000
3089,Επίσημος Χορηγός,2,2022-05-14 07:07:14.000
3090,Βοηθός σκηνοθέτη - Coaching / επιμέλεια κίνησης,2,2022-05-14 07:08:05.000
3091,Φωνή δημοσιογράφου,2,2022-05-14 07:08:06.000
3092,Μουσική/Dj επί σκηνής,2,2022-05-14 07:08:20.000
3093,Σύλληψη και Σκηνοθεσία,2,2022-05-14 07:10:10.000
3094,Κείμενο παράστασης,2,2022-05-14 07:10:11.000
3095,Ηχητικός σχεδιασμός & Πρωτότυπη μουσική σύνθεση,2,2022-05-14 07:10:12.000
3096,Βοηθός ηχητικού σχεδιασμού,2,2022-05-14 07:10:13.000
3097,Σχεδιασμός και υλοποίηση λογισμικού,2,2022-05-14 07:10:13.000
3098,Καταστασκευή σκηνικού,2,2022-05-14 07:10:15.000
3099,Eπικοινωνία,2,2022-05-14 07:10:15.000
3100,Trailers,2,2022-05-14 07:11:07.000
3101,Βασισμένο στο βιβλίο του Andrew Hodges «ALAN TURING,2,2022-05-14 07:11:08.000
3102,Σύμβουλος μετάφρασης,2,2023-09-25 13:21:50.000
3103,Διεύθυνση φωτογραφίας trailer,2,2023-09-25 13:21:50.000
3104,Θεατρικό έργο,2,2022-05-14 07:14:33.000
3105,"Σκηνοθεσία, διδασκαλία λόγου κατά τη μέθοδο του Δήμου Αβδελιώδη, δραματουργική σύνθεση",2,2022-05-14 07:14:50.000
3106,Μουσική επιμέλεια – αυτοσχεδιαστικό σαντούρι,2,2022-05-14 07:14:51.000
3107,Υλοποίηση video,2,2022-05-14 07:14:51.000
3108,Πρωτότυπη Καλλιτεχνική Δημιουργία Αφίσας,2,2023-09-25 13:21:50.000
3109,Artistic video’s photos & φωτογραφίες πρόβας,2,2022-05-14 07:14:52.000
3110,Ταμείο,2,2023-09-25 13:21:50.000
3111,Σκηνοθεσία-κινησιολογία-μουσική επιμέλεια,2,2022-05-14 07:21:38.000
3112,Δημόσιες σχέσεις-επικοινωνία,2,2022-05-14 07:21:40.000
3113,Είδος παράστασης,2,2022-05-14 07:21:41.000
3114,Κοστούμια – Σκηνικά,2,2022-05-14 07:22:37.000
3115,Μουσική επιμέλεια - Projection,2,2022-05-14 07:22:38.000
3116,Κείμενα & Σκηνοθεσία,2,2022-05-14 07:22:39.000
3117,Σχεδιασμός - Κατασκευή σκηνικού,2,2022-05-14 07:23:52.000
3118,"Μουσική επιμέλεια, επιπλέον υλικό και ενορχηστρώσεις",2,2022-05-22 13:02:56.000
3119,Σκηνοθεσία – Απόδοση κειμένου και στίχων,2,2022-05-22 13:02:57.000
3120,Μουσική Διεύθυνση – Διδασκαλία Ορχήστρας,2,2022-05-22 13:02:57.000
3121,Video design – προβολές,2,2022-05-22 13:03:00.000
3122,Συνοδός πιάνου,2,2022-05-22 13:03:02.000
3123,Σχεδιασμός ήχου-ηχοληψία,2,2022-05-22 13:04:22.000
3124,Φιγούρες Θεάτρου Σκιών,2,2022-05-22 13:04:25.000
3125,Χειρισμός βιντεοπροβολων,2,2022-05-22 13:04:29.000
3126,Βίντεο promo και θεάτρου σκιών,2,2022-05-22 13:04:31.000
3127,Επικοινωνία- Οργάνωση Περιοδείας,2,2022-05-22 13:04:31.000
3128,Πρωτότυπη Μουσική – Διδασκαλία Χορικών,2,2022-05-22 13:38:48.000
3129,Λογοθεραπεία - αγωγή λόγου,2,2022-05-22 13:38:50.000
3130,Υπεύθυνη περιοδείας,2,2022-05-22 13:38:54.000
3131,Social Media -Διαφήμιση,2,2022-05-22 13:38:55.000
3132,Σκηνοθεσία-εικαστική εγκατάσταση-σχεδιασμός κοστουμιών,2,2022-05-22 13:42:34.000
3133,Απόδοση-δραματουργία,2,2022-05-22 13:42:34.000
3134,Κινηματογράφιση-trailer,2,2022-05-22 13:42:38.000
3135,Social Media – Διαφήμιση,2,2022-05-22 13:42:40.000
3136,Επικοινωνία – Γραφείο Τύπου,2,2022-05-22 13:42:41.000
3137,Creative Agency,2,2022-05-22 13:45:48.000
3138,Σκηνοθεσία/Καλλιτεχνική Επιμέλεια,2,2023-09-25 13:21:50.000
3139,Σκηνικά & Κουστούμια,2,2022-05-22 13:48:05.000
3140,Εικαστική Επιμέλεια σκηνικών,2,2022-05-22 13:48:06.000
3141,Εικονογράφηση,2,2022-05-22 13:48:06.000
3142,Φοίβος,2,2022-05-22 13:49:08.000
3143,Σκηνοθεσία και Ερμηνεία,2,2022-05-22 13:57:53.000
3144,Σκηνικό και Κοστούμι,2,2022-05-22 13:57:54.000
3145,Κείμενο - Σκηνοθεσία - Μουσική Επιμέλεια,2,2022-05-22 14:07:37.000
3146,Χορογραφία - Κίνηση,2,2022-05-22 14:07:39.000
3147,Moυσική,2,2022-05-22 14:17:08.000
3148,Φωτισμοί- ήχοι,2,2022-05-22 14:17:09.000
3149,Δημόσιες Σχέσεις- Επικοινωνία,2,2022-05-22 14:17:10.000
3150,Δημόσιες σχέσεις/ Επικοινωνία,2,2022-05-22 14:17:25.000
3151,Σκηνοθεσία / Διασκευή,2,2022-05-22 14:17:46.000
3152,Ηθοποιοί επί σκηνής (αλφαβητικά),2,2022-05-22 14:17:47.000
3153,Μετάφραση αγγλικού κειμένου,2,2022-05-22 14:17:48.000
3154,Ενδυματολογική υποστήριξη,2,2022-05-22 14:17:50.000
3155,Βίντεο / φωτογραφίες παράστασης,2,2022-05-22 14:17:51.000
3156,Τεχνικός φωτισμού / ήχου,2,2022-05-22 14:17:53.000
3157,Πιάνο – τραγούδι,2,2022-05-22 14:18:11.000
3158,Ακορντεόν – τραγούδι,2,2022-05-22 14:18:12.000
3159,Βοηθός σκηνοθεσίας - coaching,2,2023-09-25 13:21:50.000
3160,Δημόσιες σχέσεις και Επικοινωνία,2,2022-06-04 05:58:32.000
3161,Οργάνωση Περιοδείας,2,2023-09-25 13:21:50.000
3162,Τα κείμενα έγραψαν οι,2,2022-06-04 06:26:38.000
3163,Φωνητική προετοιμασία,2,2022-06-04 06:28:28.000
3164,Βιβλίο - βάση,2,2022-06-04 06:42:00.000
3165,"Θεατρική διασκευή, στήσιμο παράστασης",2,2022-06-04 06:42:01.000
3166,"Επιλογή τραγουδιών, ενορχηστρώσεις, πιάνο επί σκηνής",2,2022-06-04 06:42:02.000
3167,Αφηγήτρια,2,2022-06-04 06:42:02.000
3168,Κορίτσια - Παίζουν και τραγουδούν,2,2022-06-04 06:42:03.000
3169,ΣΚΗΝΙΚΑ,2,2023-09-25 13:21:50.000
3170,ΦΩΤΟΓΡΑΦΙΑ,2,2023-09-25 13:21:50.000
3171,"Σκηνογραφία, Ενδυματολογία",2,2023-09-25 13:21:50.000
3172,Ακροβατικές χορογραφίες,2,2023-09-25 13:21:50.000
3173,Υπεύθυνος Κατασκευής Σκηνικών,2,2023-09-25 13:21:50.000
3174,κείμενο B μέρους,2,2022-06-04 06:53:19.000
3175,ερμηνεία & τραγούδι,2,2022-06-04 06:53:20.000
3176,σκηνογραφία (κατασκευή γλυπτών),2,2022-06-04 06:53:21.000
3177,τεχνικοί υπεύθυνοι,2,2022-06-04 06:53:22.000
3178,ΗΧΟΣ/ΦΩΤΙΣΜΟΙ,2,2022-06-04 06:54:14.000
3179,Μουσική Επιμέλεια,2,2023-09-25 13:21:50.000
3180,"Σενάριο, Σκηνοθεσία",2,2022-06-04 06:58:48.000
3181,Αφήγηση,2,2022-06-04 06:58:51.000
3182,"Φροντιστηριακά αντικείμενα, ενδυματολογική επιμέλεια",2,2022-06-04 07:00:19.000
3183,Κατασκευή φιγούρας,2,2022-06-04 07:00:20.000
3184,Ηλικίες,2,2022-06-04 07:03:41.000
3185,σκηνοθεσία - διδασκαλία,2,2022-06-04 07:04:20.000
3186,Φωτογράφιση Αφίσας,2,2022-06-11 11:40:58.000
3187,Προβολή-Επικοινωνία,2,2022-06-11 11:40:59.000
3188,Γραφιστική Επιμέλεια-Social Media,2,2022-06-11 11:40:59.000
3189,Κίνηση-Χορογραφίες-Φωτισμοί,2,2022-06-11 11:51:44.000
3190,Μουσική-Ενορχήστρωση-VideoArt,2,2022-06-11 11:51:45.000
3191,Στίχοι-Μουσικές Επιλογές,2,2022-06-11 11:51:45.000
3192,Κοστούμια - Σκηνικά,2,2022-06-11 11:58:34.000
3193,Κατασκευές - Μάσκες,2,2022-06-11 11:58:35.000
3194,Βοηθός σκηνοθέτη- γραφιστικά,2,2022-06-11 12:03:47.000
3195,Εκτέλεση κοστουμιών,2,2022-06-11 12:03:48.000
3196,Φωτογραφίες- video,2,2022-06-11 12:03:49.000
3197,Κίνηση-μουσική διδασκαλία,2,2022-06-11 12:05:41.000
3198,Διασκευή/Μεταγραφή,2,2022-06-11 12:13:49.000
3199,Δραματολόγος/Μεταφράστρια Έργου (από τη Γαλλική γλώσσα στην Ελληνική),2,2022-06-11 12:13:49.000
3200,Έρευνα/Δραματουργική επεξεργασία,2,2022-06-11 12:13:50.000
3201,Βοηθός συνθέτη – μουσική διδασκαλία,2,2022-06-11 14:52:18.000
3202,Hairstylist,2,2022-06-11 14:52:20.000
3203,Βοηθός κομμωτή,2,2022-06-11 14:52:20.000
3204,Μουσική Διεύθυνση,3,2023-02-09 11:19:57.000
3205,Παραστάσεις,3,2023-02-09 11:20:52.000
3206,Ηχογράφηση,3,2023-02-09 11:20:53.000
3207,Φωτογραφίες-Video,3,2023-02-20 16:56:36.000
3208,Γραφιστική επιμέλεια,3,2023-02-20 16:57:47.000
3210,Ενορχήστρωση,3,2023-02-20 16:58:17.000
3211,Διασκευή-σκηνοθεσία,3,2023-02-20 17:00:28.000
3212,Δραματουργική επεξεργασία - Σκηνοθεσία,3,2023-02-20 19:21:14.000
3213,ΔΗΜΟΣΙΕΣ ΣΧΕΣΕΙΣ,3,2023-02-20 19:21:55.000
3214,Sounddesign,3,2023-02-20 19:22:29.000
3215,Διεύθυνση ορχήστρας,3,2023-02-20 19:33:27.000
3216,Πρωταγωνιστούν (αλφαβητικά),3,2023-02-20 19:35:39.000
3217,Promo video,3,2023-02-20 19:37:37.000
3218,Βοηθός σκηνογράφου & ενδυματολόγου,3,2023-02-20 19:38:17.000
3219,ΣΤΙΧΟΙ,3,2023-02-20 19:39:25.000
3220,Σχεδιασμός ήχων,3,2023-02-20 19:42:51.000
3221,Σκηνοθεσία - Σκηνική εγκατάσταση,3,2023-02-20 20:05:09.000
3222,Video art - Σχεδιασμός αφίσας,3,2023-02-20 20:06:13.000
3223,Βίντεο παράστασης,3,2023-02-20 20:08:31.000
3224,Video Designer,3,2023-02-20 20:09:05.000
3225,Σύνθεση κειμένου,3,2023-02-20 20:14:07.000
3226,Σκηνοθεσία - Δραματουργία,3,2023-02-20 20:20:10.000
3227,Ειδικές κατασκευές,3,2023-02-20 20:25:00.000
3228,Μετάφραση – Σκηνοθεσία,3,2023-02-20 20:27:39.000
3229,Μουσική σύνθεση – Μουσική διδασκαλία,3,2023-02-20 20:30:50.000
3230,Σκηνοθεσία/Καλλιτεχνική Επιμέλεια,3,2023-02-20 20:38:57.000
3231,Δραματουργική επεξεργασία – Σκηνοθεσία,3,2023-02-20 20:40:00.000
3232,Σκηνικό,3,2023-02-20 20:52:10.000
3233,Αφίσα παράστασης,3,2023-02-20 20:52:11.000
3234,Σχεδιασμός σκηνικού,3,2023-02-20 20:55:01.000
3235,Χορηγός,3,2023-02-20 20:58:22.000
3236,Μουσική επένδυση,3,2023-02-20 21:00:19.000
3237,Προπώληση,3,2023-02-20 21:03:10.000
3238,Τραγούδια,3,2023-02-20 21:06:18.000
3239,Επικοινωνία,3,2023-02-20 21:08:20.000
3240,Σκηνοθεσία – Μουσική,3,2023-02-20 21:50:01.000
3241,Καλλιτεχνική Διεύθυνση,3,2023-02-20 21:50:50.000
3242,Επιμέλεια κοστουμιών,3,2023-02-20 21:55:05.000
3243,Περούκες,3,2023-02-20 21:55:05.000
3244,Video design,3,2023-02-20 21:56:58.000
3245,Promo Trailer,3,2023-02-20 21:56:58.000
3246,Επιμέλεια-Διασκευή,3,2023-02-20 21:57:28.000
3247,Προσαρμογή διαλόγων,3,2023-02-20 21:57:28.000
3248,Κούκλες,3,2023-02-20 21:57:28.000
3249,Μουσική πρωτότυπη,3,2023-02-20 21:57:28.000
3250,Έντυπο υλικό,3,2023-02-20 21:57:28.000
3251,Έναρξη,3,2023-02-20 22:00:23.000
3252,Σκηνικός χώρος - Κοστούμια,3,2023-02-20 22:03:42.000
3253,Επιμέλεια Μαγικών,3,2023-02-20 22:06:45.000
3254,Κείμενο - Σκηνοθεσία,3,2023-09-25 13:21:50.000
3255,Boηθός σκηνοθέτη,3,2023-02-20 22:10:05.000
